lat,lng,huegroup
42.3610465987,-71.0993675443,"[2430, 1181, 2139, 4598, 6972, 5605, 5796, 3741, 5892, 1699, 5683, 5561, 4044, 2764, 2995, 1646, 3480, 937, 1407, 165, 779, 923, 1054, 1100, 1327, 1883, 5397, 2955, 4060, 999, 5033, 5589, 5100, 3693, 10570, 22968, 9704, 3021, 941, 2, 933, 454, 149, 61, 234, 15, 246, 111, 178, 18, 135, 107, 114, 121, 257, 339, 310, 178, 136, 71]"
42.3611092975,-71.0994751887,"[2660, 1030, 1320, 3570, 4317, 11195, 5900, 4166, 5846, 1594, 4371, 3481, 3907, 4528, 4659, 2788, 3369, 1897, 1713, 444, 738, 781, 1494, 832, 1061, 1152, 1841, 1013, 1383, 491, 2138, 1396, 1291, 3235, 8732, 35721, 16279, 2532, 773, 0, 491, 301, 92, 64, 165, 3, 176, 36, 86, 1, 142, 102, 94, 101, 206, 353, 424, 338, 668, 519]"
42.3611719962,-71.0995828332,"[2792, 2094, 1348, 1292, 1879, 3865, 5257, 6009, 8335, 3856, 11875, 7958, 4777, 3288, 2724, 1152, 1861, 950, 1117, 179, 780, 366, 1242, 709, 654, 1131, 1376, 1496, 841, 255, 1531, 1492, 2754, 2375, 7187, 31050, 22141, 4399, 1207, 8, 613, 284, 78, 36, 126, 2, 211, 42, 98, 3, 44, 110, 115, 148, 288, 419, 482, 227, 540, 532]"
42.3612346949,-71.0996904779,"[4019, 2653, 3090, 2817, 3676, 6202, 9568, 6004, 6829, 823, 5921, 3716, 4496, 4129, 4930, 1999, 2335, 1105, 930, 182, 416, 256, 726, 471, 411, 1165, 802, 936, 1045, 386, 2061, 2386, 2171, 1708, 9596, 23846, 16994, 7140, 4009, 67, 2031, 679, 354, 95, 217, 4, 292, 37, 94, 8, 42, 72, 105, 66, 189, 511, 554, 516, 1131, 987]"
42.3612973936,-71.0997981226,"[2538, 1510, 1849, 1373, 3250, 4495, 4870, 5440, 6672, 2977, 6921, 7282, 6304, 5603, 7172, 3637, 3785, 1832, 2993, 287, 933, 730, 1447, 680, 730, 1498, 1245, 1855, 940, 375, 2681, 2550, 2667, 3056, 13518, 17223, 13226, 6180, 3399, 17, 1652, 499, 236, 56, 123, 6, 225, 34, 38, 4, 11, 42, 48, 42, 159, 473, 144, 185, 140, 143]"
42.3613600924,-71.0999057674,"[3678, 3845, 5167, 8921, 5970, 4908, 5564, 7174, 10251, 270, 8464, 4283, 1728, 523, 1337, 246, 1098, 470, 686, 77, 303, 321, 522, 279, 602, 993, 1159, 685, 790, 394, 2220, 2825, 5115, 17002, 31520, 10735, 3292, 624, 574, 0, 991, 512, 226, 273, 417, 1, 272, 87, 212, 1, 64, 111, 112, 141, 299, 394, 377, 285, 382, 228]"
42.3614227911,-71.1000134124,"[9187, 9494, 8347, 9896, 9013, 3782, 1767, 685, 1344, 55, 977, 911, 571, 373, 581, 302, 679, 516, 605, 140, 772, 646, 1206, 1228, 1833, 1279, 2811, 1229, 1672, 628, 2514, 2563, 3768, 7789, 30050, 28291, 2272, 1173, 762, 136, 503, 275, 119, 60, 167, 3, 233, 74, 140, 8, 120, 134, 252, 148, 591, 386, 1291, 353, 1702, 1594]"
42.3614854898,-71.1001210575,"[11211, 5179, 7332, 14298, 9868, 4442, 3412, 3170, 2400, 35, 1032, 1049, 423, 127, 248, 21, 1090, 64, 249, 3, 54, 571, 649, 223, 514, 1743, 2078, 4440, 3293, 4191, 7861, 6528, 5361, 5498, 13955, 15021, 6492, 855, 569, 1, 650, 272, 67, 38, 108, 12, 191, 100, 99, 15, 47, 112, 190, 114, 290, 220, 1395, 842, 4980, 4708]"
42.3615481885,-71.1002287026,"[3216, 1275, 4829, 14175, 10486, 8039, 5232, 4500, 2786, 596, 2337, 2309, 2188, 1845, 3053, 2489, 3509, 1964, 1479, 536, 1336, 2598, 1842, 1228, 3207, 2908, 5932, 3182, 4446, 2053, 6963, 5096, 5772, 10348, 10736, 4513, 2700, 404, 872, 10, 593, 134, 212, 40, 52, 15, 174, 43, 58, 46, 65, 134, 124, 225, 824, 1210, 969, 963, 781, 349]"
42.3616108873,-71.1003363479,"[4043, 2654, 3297, 5639, 4560, 4205, 6595, 3093, 2736, 814, 3299, 2769, 2863, 3323, 3595, 2990, 2716, 1545, 1028, 626, 857, 777, 770, 708, 1015, 3262, 1565, 1292, 1180, 495, 2169, 1808, 2663, 6185, 19327, 25734, 11515, 2618, 1177, 9, 1477, 553, 405, 161, 369, 36, 1046, 122, 246, 11, 238, 644, 217, 741, 768, 615, 2019, 1027, 1169, 620]"
42.3616147449,-71.100343409,"[3985, 2823, 3906, 5168, 4626, 3800, 6678, 2844, 2964, 703, 3118, 2831, 2760, 3658, 3455, 2983, 2918, 1542, 1104, 634, 935, 684, 807, 699, 1004, 3582, 1391, 1238, 1131, 460, 1949, 1549, 2517, 6402, 18723, 26128, 11131, 2767, 1624, 21, 1289, 531, 407, 244, 425, 40, 1180, 187, 312, 2, 259, 873, 358, 626, 594, 660, 2498, 637, 1012, 624]"
42.3616772899,-71.1004512181,"[9113, 8653, 3567, 3334, 2807, 2918, 5361, 2494, 2658, 851, 3859, 2141, 1837, 2391, 2872, 2445, 2929, 1308, 1227, 377, 542, 524, 698, 688, 1164, 4078, 2024, 1891, 1431, 791, 2633, 2098, 2246, 2553, 8243, 15481, 8321, 4606, 4120, 676, 5259, 3934, 805, 963, 4427, 139, 4114, 1036, 479, 103, 351, 1776, 882, 594, 971, 1571, 1135, 1447, 1279, 785]"
42.3617398348,-71.1005590273,"[4714, 2988, 2741, 3444, 5583, 5393, 5124, 2721, 3418, 829, 4579, 3977, 3052, 2658, 2884, 2479, 2632, 1496, 1460, 507, 1008, 738, 894, 710, 1080, 2112, 1208, 1348, 1314, 760, 2634, 2056, 4133, 3997, 10345, 16548, 18914, 9593, 5897, 54, 3437, 1844, 702, 88, 469, 20, 643, 85, 195, 11, 57, 224, 193, 127, 409, 1483, 475, 613, 472, 431]"
42.3618023798,-71.1006668367,"[4207, 1853, 2552, 4637, 5777, 4193, 5722, 2957, 3318, 468, 5544, 3964, 3229, 2405, 2288, 1084, 2160, 767, 865, 371, 889, 824, 1392, 1025, 1839, 5095, 5273, 3807, 5467, 1995, 5771, 4541, 5637, 6344, 20292, 19184, 5276, 1052, 1268, 6, 1103, 349, 252, 52, 113, 7, 289, 15, 31, 2, 21, 52, 59, 32, 137, 514, 642, 386, 347, 259]"
42.3618649247,-71.1007746461,"[2889, 2304, 4562, 13740, 16123, 11386, 5594, 4098, 5040, 925, 5833, 5748, 4980, 4483, 5155, 2393, 2620, 1124, 2569, 229, 1481, 1919, 2196, 912, 1964, 3688, 2781, 3725, 1047, 332, 1749, 1790, 1609, 2044, 18061, 4333, 3698, 317, 716, 38, 902, 221, 205, 30, 91, 8, 190, 26, 30, 9, 21, 41, 48, 27, 207, 968, 154, 296, 204, 127]"
42.3618717505,-71.1007864153,"[1454, 2720, 6786, 9724, 10666, 9608, 7380, 6405, 14107, 2770, 14651, 8372, 5008, 2589, 2739, 1189, 1685, 378, 306, 19, 148, 242, 264, 196, 346, 826, 594, 529, 400, 149, 1110, 2252, 3160, 4792, 8384, 9425, 10681, 2529, 1809, 4, 819, 414, 171, 84, 99, 11, 251, 65, 56, 12, 59, 63, 66, 80, 126, 340, 180, 222, 322, 164]"
42.3619103866,-71.1008534326,"[3173, 4270, 2324, 1467, 1143, 918, 1186, 965, 1445, 794, 3272, 3635, 7658, 7495, 6744, 4228, 4494, 3486, 2258, 1382, 1857, 1056, 757, 812, 1093, 2979, 2427, 1354, 3104, 623, 4231, 5505, 5637, 10060, 18665, 16704, 10292, 3039, 1529, 7, 968, 624, 233, 131, 202, 17, 196, 73, 153, 16, 77, 118, 80, 111, 189, 244, 355, 290, 918, 937]"
42.3619274697,-71.1008824556,"[7282, 4587, 3853, 2745, 2557, 1755, 1983, 1263, 1715, 517, 3515, 2769, 3280, 3501, 5020, 5282, 6836, 3661, 2870, 1122, 1426, 1481, 1604, 808, 1666, 2039, 2403, 1786, 2786, 558, 5489, 7353, 12552, 10922, 11699, 11858, 6375, 2168, 1362, 1, 1202, 704, 229, 143, 264, 28, 363, 81, 153, 21, 70, 241, 130, 164, 350, 483, 718, 493, 951, 763]"
42.3619741244,-71.100959955,"[4832, 4914, 2629, 977, 836, 891, 1260, 1414, 3308, 2409, 3298, 6152, 7441, 6881, 10212, 8925, 5697, 2862, 1252, 793, 1324, 1030, 811, 861, 728, 250, 901, 229, 554, 190, 784, 937, 1112, 2432, 15621, 28270, 10682, 5490, 2592, 145, 995, 736, 240, 187, 291, 46, 276, 105, 145, 34, 91, 201, 155, 211, 311, 346, 539, 413, 1190, 1562]"
42.3620378622,-71.1010664774,"[3001, 1647, 933, 615, 533, 610, 923, 1799, 7243, 10395, 9322, 7558, 5336, 7592, 7486, 5570, 3085, 2377, 996, 279, 604, 548, 502, 608, 600, 190, 1071, 464, 471, 242, 722, 1342, 1376, 1488, 3693, 14715, 24781, 12576, 5360, 497, 1623, 1449, 405, 342, 476, 122, 370, 315, 402, 104, 163, 508, 398, 357, 443, 326, 515, 330, 787, 1415]"
42.3620732048,-71.1011208676,"[3465, 1411, 836, 657, 510, 479, 888, 1760, 7008, 10145, 9605, 6443, 4955, 7518, 7607, 6013, 3783, 1985, 1215, 322, 793, 448, 454, 269, 733, 202, 1054, 521, 678, 141, 600, 1276, 1185, 2622, 2673, 13105, 25174, 13599, 6202, 532, 1934, 1275, 420, 253, 561, 162, 429, 294, 366, 76, 266, 268, 237, 381, 428, 293, 769, 388, 1070, 1264]"
42.3621004578,-71.101177147,"[1519, 1614, 4103, 3710, 1986, 1850, 2095, 2006, 2554, 1702, 6274, 14789, 11616, 8950, 6390, 3372, 2460, 1358, 1146, 569, 904, 700, 784, 1129, 1168, 1376, 1789, 920, 1493, 737, 2075, 1600, 1699, 5840, 26445, 23807, 3319, 1038, 333, 4, 268, 204, 54, 33, 75, 12, 157, 35, 43, 12, 57, 40, 44, 62, 97, 287, 280, 229, 394, 394]"
42.3621647863,-71.1012830174,"[2534, 6350, 7268, 9074, 5481, 3213, 2810, 2620, 3335, 1951, 4165, 5709, 6940, 5973, 4319, 2075, 3521, 2189, 1752, 1155, 1650, 1764, 2006, 1583, 1452, 1548, 3575, 2245, 6531, 2953, 10260, 7868, 6115, 5403, 6114, 9301, 4118, 1326, 384, 3, 218, 43, 18, 11, 36, 0, 63, 12, 16, 1, 9, 30, 17, 16, 50, 132, 87, 77, 236, 295]"
42.3622291147,-71.1013888879,"[1503, 2184, 8155, 10446, 6147, 5789, 6110, 6636, 10111, 4929, 8410, 9914, 6853, 3795, 3814, 2957, 5203, 3708, 2681, 1508, 2224, 1703, 1304, 932, 1478, 997, 2191, 817, 939, 211, 1851, 2748, 7195, 15188, 4942, 2134, 1127, 194, 154, 0, 234, 23, 16, 3, 8, 0, 28, 0, 8, 0, 2, 37, 18, 2, 24, 108, 61, 89, 82, 75]"
42.3622934431,-71.1014947585,"[952, 2264, 3203, 9229, 6046, 6228, 4797, 4674, 5001, 2996, 4730, 5322, 4796, 3945, 4413, 3469, 3605, 3069, 2008, 1185, 1990, 1629, 2423, 2863, 3546, 2960, 4021, 1464, 4275, 1506, 5616, 7849, 13158, 16620, 4496, 1312, 404, 115, 144, 0, 176, 37, 14, 5, 55, 0, 59, 20, 16, 0, 18, 13, 23, 39, 86, 90, 189, 165, 331, 341]"
42.3623577716,-71.1016006292,"[952, 2264, 3203, 9229, 6046, 6228, 4797, 4674, 5001, 2996, 4730, 5322, 4796, 3945, 4413, 3469, 3605, 3069, 2008, 1185, 1990, 1629, 2423, 2863, 3546, 2960, 4021, 1464, 4275, 1506, 5616, 7849, 13158, 16620, 4496, 1312, 404, 115, 144, 0, 176, 37, 14, 5, 55, 0, 59, 20, 16, 0, 18, 13, 23, 39, 86, 90, 189, 165, 331, 341]"
42.3624126549,-71.1016909526,"[967, 2264, 3258, 8837, 6477, 6173, 4795, 4444, 5220, 2876, 4837, 5376, 4775, 3935, 4326, 3371, 3618, 3046, 2110, 1290, 1941, 1673, 2412, 2957, 3521, 2785, 4194, 1515, 4209, 1439, 5924, 7659, 13165, 16372, 4515, 1357, 452, 115, 147, 0, 196, 36, 15, 5, 53, 0, 60, 19, 19, 0, 17, 18, 15, 37, 82, 82, 182, 157, 326, 334]"
42.3624769899,-71.1017968162,"[4439, 2789, 2239, 1520, 2067, 3406, 3921, 3877, 5502, 4648, 8225, 9885, 6852, 4492, 3766, 3100, 2430, 1473, 885, 369, 570, 485, 542, 510, 497, 367, 903, 401, 563, 141, 1740, 2094, 3036, 6103, 9480, 24231, 14901, 2636, 1181, 43, 717, 817, 240, 195, 357, 26, 657, 137, 202, 19, 87, 171, 214, 239, 350, 534, 1213, 1345, 3425, 2746]"
42.3625413249,-71.1019026799,"[4439, 2789, 2239, 1520, 2067, 3406, 3921, 3877, 5502, 4648, 8225, 9885, 6852, 4492, 3766, 3100, 2430, 1473, 885, 369, 570, 485, 542, 510, 497, 367, 903, 401, 563, 141, 1740, 2094, 3036, 6103, 9480, 24231, 14901, 2636, 1181, 43, 717, 817, 240, 195, 357, 26, 657, 137, 202, 19, 87, 171, 214, 239, 350, 534, 1213, 1345, 3425, 2746]"
42.3626056599,-71.1020085437,"[4724, 2179, 1651, 1500, 1679, 2739, 2192, 1979, 2559, 1512, 3178, 4012, 4247, 4494, 5087, 5262, 5492, 4054, 3022, 1936, 2440, 1634, 1464, 1130, 1100, 596, 1096, 255, 758, 182, 1164, 913, 711, 1141, 2549, 13158, 22910, 10394, 3929, 861, 1450, 806, 486, 171, 304, 121, 303, 264, 266, 60, 172, 343, 319, 427, 765, 1365, 2702, 4194, 9286, 4313]"
42.3626699949,-71.1021144076,"[3086, 1642, 1256, 1218, 1099, 3570, 5748, 3766, 4573, 2981, 5404, 6164, 5664, 4943, 5640, 6157, 6033, 4004, 2983, 1497, 2148, 1457, 1499, 1376, 1018, 430, 1046, 341, 510, 143, 1209, 923, 778, 918, 1663, 3405, 12257, 17433, 10541, 3618, 5135, 3137, 790, 206, 387, 266, 274, 175, 241, 115, 250, 298, 272, 256, 424, 430, 644, 675, 2901, 2983]"
42.36273433,-71.1022202716,"[4174, 3680, 2481, 2279, 2480, 3632, 3651, 4338, 6773, 5876, 8291, 10501, 11480, 5976, 5169, 4190, 4037, 2543, 1387, 639, 804, 673, 616, 375, 409, 222, 592, 126, 315, 81, 501, 387, 365, 449, 1178, 6191, 11682, 14119, 6353, 1461, 2899, 3154, 637, 741, 1288, 109, 1020, 486, 802, 54, 276, 653, 515, 558, 679, 731, 1494, 1272, 1125, 1031]"
42.362798665,-71.1023261358,"[3963, 3580, 3101, 4173, 4772, 5741, 7058, 9025, 15451, 10338, 15966, 14912, 4349, 2229, 2486, 1040, 1398, 537, 517, 93, 219, 258, 185, 101, 467, 1307, 727, 871, 217, 6, 1172, 2670, 2772, 1074, 4883, 6002, 10600, 2707, 4353, 21, 2897, 866, 174, 151, 152, 7, 802, 7, 60, 3, 11, 185, 84, 33, 307, 845, 562, 599, 653, 261]"
42.3628182297,-71.10235778,"[4136, 3434, 3725, 4356, 5212, 5007, 7282, 8716, 15298, 10550, 15327, 15069, 4432, 2164, 2380, 1025, 1264, 553, 514, 90, 192, 191, 139, 101, 420, 1107, 584, 1440, 408, 29, 1079, 2444, 2821, 858, 4868, 5616, 10784, 3027, 3939, 10, 2771, 1165, 198, 194, 297, 0, 858, 9, 72, 0, 22, 177, 81, 51, 345, 892, 582, 723, 679, 293]"
42.3628822889,-71.1024639501,"[8274, 748, 881, 2396, 5162, 3905, 9550, 6839, 10428, 1235, 6640, 5646, 3841, 3104, 3730, 2079, 3574, 1580, 1380, 255, 571, 604, 988, 627, 909, 4873, 1717, 5086, 1276, 227, 3189, 6879, 11745, 3288, 7723, 5876, 8712, 2242, 2344, 251, 2804, 1696, 462, 174, 401, 41, 666, 117, 188, 8, 68, 233, 165, 214, 434, 900, 338, 513, 144, 60]"
42.3629463482,-71.1025701204,"[1029, 817, 1257, 4679, 11483, 9359, 3207, 2645, 2389, 685, 4216, 6194, 5890, 7468, 6428, 3785, 4400, 2170, 1304, 658, 1129, 1584, 1095, 1083, 1801, 1823, 3441, 3156, 2519, 803, 4873, 5644, 6522, 13391, 13881, 5344, 2634, 1049, 1073, 378, 1571, 1534, 699, 429, 435, 151, 284, 175, 155, 26, 59, 136, 67, 80, 122, 187, 185, 185, 167, 67]"
42.3630104074,-71.1026762907,"[2200, 1719, 2149, 4951, 14628, 14666, 4262, 3685, 5204, 1387, 8018, 13011, 6028, 8749, 10040, 4251, 4408, 3049, 6554, 333, 4744, 1561, 1237, 1131, 959, 1426, 1395, 1140, 976, 338, 1411, 1975, 2266, 1985, 3084, 580, 1440, 762, 902, 355, 1288, 2287, 1592, 1227, 961, 416, 495, 253, 218, 64, 109, 202, 155, 130, 236, 202, 334, 127, 325, 420]"
42.3630744667,-71.1027824611,"[3261, 3024, 3734, 6593, 10623, 9814, 8429, 7490, 7003, 353, 9011, 11091, 4682, 2953, 3143, 1180, 2901, 742, 1193, 120, 429, 1438, 1139, 722, 1023, 1660, 3918, 2269, 1953, 537, 4388, 5600, 5943, 13682, 5398, 1733, 2759, 658, 1051, 1, 1134, 352, 143, 98, 154, 3, 437, 28, 117, 0, 21, 182, 123, 68, 263, 893, 393, 661, 839, 450]"
42.3631385259,-71.1028886317,"[4403, 2177, 3056, 6040, 12141, 11095, 7246, 4358, 4864, 388, 5855, 5925, 2372, 2193, 2054, 517, 2386, 661, 748, 72, 303, 564, 446, 508, 1123, 4445, 2190, 2579, 1671, 331, 4995, 8007, 13361, 10028, 10725, 6941, 5068, 1060, 1398, 13, 1446, 523, 208, 90, 175, 9, 382, 61, 86, 1, 45, 117, 110, 73, 205, 412, 390, 377, 512, 471]"
42.3632025852,-71.1029948024,"[4792, 2352, 2235, 3434, 6414, 6418, 4683, 3639, 6088, 543, 7242, 5554, 3515, 2475, 4442, 2361, 4804, 1984, 2020, 886, 1029, 1048, 901, 808, 1011, 2439, 1628, 3558, 1762, 454, 4279, 4867, 7372, 9891, 18301, 7538, 6169, 1695, 1657, 38, 1719, 531, 198, 134, 473, 7, 777, 48, 107, 2, 40, 175, 98, 156, 472, 813, 495, 597, 496, 336]"
42.3632666445,-71.1031009731,"[6597, 1312, 1050, 1142, 3039, 3009, 3659, 2706, 2914, 154, 5622, 4261, 3433, 2827, 4104, 3861, 4933, 2427, 1725, 722, 939, 1203, 1225, 650, 1424, 3893, 2445, 3288, 1821, 652, 3583, 5291, 6090, 8651, 16025, 12499, 11637, 3900, 3606, 27, 3170, 1477, 648, 204, 574, 28, 831, 88, 174, 12, 65, 275, 180, 127, 346, 889, 343, 990, 608, 625]"
42.3633307037,-71.103207144,"[2121, 1381, 992, 1698, 3714, 5191, 6506, 6680, 7529, 3810, 9739, 10932, 8775, 5131, 5522, 2897, 2856, 1708, 1374, 320, 645, 604, 458, 426, 590, 1134, 1068, 1011, 627, 152, 1698, 1859, 2217, 5617, 14297, 19301, 8721, 3536, 1846, 4, 892, 481, 127, 50, 108, 1, 161, 29, 54, 2, 48, 74, 55, 116, 198, 314, 375, 309, 988, 931]"
42.363394763,-71.103313315,"[5826, 2650, 2675, 4810, 5289, 5194, 5184, 4590, 4615, 1330, 8487, 12239, 6608, 3482, 3644, 1954, 3284, 2111, 1415, 550, 1137, 1155, 1266, 815, 1420, 1900, 2042, 1105, 1378, 417, 2255, 2357, 3948, 3077, 9632, 6823, 8712, 2842, 3408, 64, 3077, 2452, 687, 814, 1134, 50, 1287, 270, 905, 38, 370, 671, 419, 1087, 775, 742, 1296, 748, 954, 534]"
42.3634588222,-71.1034194861,"[2779, 1174, 1044, 1509, 2650, 5022, 8550, 8247, 7858, 2649, 6099, 7398, 4975, 6222, 5521, 3880, 3677, 1871, 1333, 339, 548, 530, 557, 451, 902, 993, 1405, 897, 646, 95, 1354, 1535, 2539, 2893, 8964, 13353, 13276, 8019, 6655, 73, 3088, 1953, 882, 165, 517, 33, 611, 96, 177, 12, 85, 171, 122, 94, 375, 1099, 406, 878, 478, 276]"
42.3635228815,-71.1035256573,"[3564, 2432, 1725, 1987, 4148, 9308, 11114, 10796, 9910, 4328, 8864, 8808, 8602, 3676, 3332, 1576, 1536, 1056, 699, 116, 345, 346, 462, 294, 484, 423, 478, 707, 192, 46, 754, 576, 959, 1927, 13014, 17161, 5906, 3259, 1494, 15, 1057, 428, 183, 57, 181, 63, 266, 175, 260, 141, 227, 215, 297, 327, 573, 828, 1226, 2008, 2719, 2350]"
42.3635869407,-71.1036318286,"[8318, 2663, 1416, 1626, 2138, 4524, 23151, 13732, 7920, 1224, 7064, 5176, 2124, 1876, 4377, 1222, 2723, 1800, 1643, 192, 354, 926, 779, 329, 965, 2442, 2541, 3266, 3053, 496, 2485, 3460, 3008, 2830, 7242, 5546, 10557, 2996, 2544, 32, 1701, 945, 280, 112, 211, 12, 405, 75, 75, 7, 29, 78, 57, 50, 171, 526, 210, 405, 1724, 2167]"
42.363622113,-71.1036913027,"[8136, 2801, 1327, 1287, 2253, 4648, 22787, 12968, 8174, 1323, 6963, 5874, 2144, 1710, 4163, 1076, 2579, 2100, 1447, 137, 317, 1043, 959, 543, 835, 1911, 2852, 3259, 2578, 390, 2641, 3807, 3442, 3242, 7302, 6420, 10127, 2513, 2153, 19, 1876, 735, 267, 110, 227, 13, 529, 56, 121, 5, 65, 69, 61, 60, 237, 757, 335, 359, 1452, 2416]"
42.3636871304,-71.1037964019,"[2742, 1405, 740, 668, 1723, 4553, 5679, 10100, 8863, 608, 6932, 6340, 2268, 1559, 2046, 592, 1527, 921, 629, 123, 394, 740, 497, 493, 551, 561, 937, 705, 611, 223, 2318, 3313, 4301, 11822, 33483, 20620, 6101, 2839, 1634, 18, 767, 393, 129, 60, 181, 55, 208, 98, 112, 44, 73, 135, 106, 140, 269, 392, 663, 832, 1713, 1451]"
42.3637521478,-71.1039015013,"[4623, 1977, 1136, 897, 2687, 4360, 5750, 8568, 7845, 342, 10251, 8738, 1891, 1407, 2071, 500, 2468, 743, 1192, 87, 519, 815, 750, 626, 1310, 2157, 1954, 1844, 947, 221, 1987, 2952, 3453, 7556, 24714, 25193, 5233, 1020, 857, 4, 862, 229, 111, 33, 103, 2, 253, 35, 83, 2, 35, 66, 81, 91, 297, 488, 835, 830, 1968, 1951]"
42.3638171652,-71.1040066007,"[4177, 1758, 1188, 1112, 2908, 5823, 7062, 7831, 10079, 749, 10001, 9382, 1895, 2704, 5018, 800, 4859, 1326, 2131, 91, 884, 1391, 1285, 967, 1147, 2000, 2207, 2575, 1005, 223, 2387, 2826, 4260, 7444, 22374, 12513, 4376, 1008, 1161, 0, 772, 208, 193, 19, 128, 2, 222, 21, 29, 1, 30, 53, 37, 59, 221, 350, 415, 478, 1746, 2089]"
42.3638821826,-71.1041117003,"[3679, 2739, 2333, 2089, 2496, 7949, 7057, 10246, 7748, 225, 11263, 9028, 1481, 2514, 4947, 513, 3062, 1704, 4499, 129, 2181, 3809, 2768, 2444, 4279, 3642, 4949, 3225, 1487, 282, 2612, 6126, 6186, 2348, 6814, 4716, 6566, 1715, 2272, 8, 1833, 963, 293, 160, 302, 60, 362, 79, 66, 2, 32, 50, 48, 31, 146, 275, 184, 277, 308, 399]"
42.3639269237,-71.1041840072,"[2394, 1800, 1540, 2189, 5072, 7559, 8393, 3887, 3553, 110, 3674, 3920, 1320, 1329, 2607, 2491, 4918, 3384, 2724, 1139, 1238, 1011, 824, 844, 828, 1312, 1798, 1604, 1348, 298, 3602, 4614, 7265, 11019, 26628, 14959, 7442, 2198, 1439, 58, 1117, 761, 301, 128, 273, 8, 365, 25, 65, 0, 49, 50, 53, 101, 208, 533, 339, 334, 630, 328]"
42.3639919322,-71.1042891171,"[1825, 475, 653, 876, 1708, 3487, 5232, 7529, 5491, 192, 5293, 4899, 3769, 2290, 5204, 1576, 6477, 2005, 3674, 362, 770, 1205, 2366, 873, 1123, 2648, 2285, 3457, 1144, 198, 2655, 4705, 7304, 9852, 23861, 14360, 8795, 3145, 2463, 7, 1490, 536, 236, 31, 147, 7, 290, 23, 25, 5, 8, 28, 37, 11, 153, 351, 40, 173, 106, 70]"
42.3640569407,-71.1043942271,"[1597, 207, 216, 430, 781, 747, 2094, 2386, 2732, 307, 5971, 5854, 5435, 6507, 7287, 4806, 6502, 3821, 3796, 488, 1396, 1482, 2151, 1095, 2072, 2433, 3922, 3687, 3930, 1468, 8956, 8626, 8605, 7502, 11428, 11071, 7847, 4201, 2759, 42, 1550, 409, 172, 39, 90, 8, 202, 24, 24, 2, 9, 41, 34, 26, 97, 255, 80, 162, 83, 56]"
42.3641219492,-71.1044993372,"[2773, 841, 456, 477, 1004, 960, 2229, 3037, 4077, 2907, 9527, 8386, 6111, 6886, 6075, 4428, 5521, 3496, 2916, 859, 1508, 1982, 1703, 1257, 1811, 1678, 4245, 2132, 2847, 469, 3385, 4241, 4514, 7565, 19188, 10863, 7601, 3163, 2077, 3, 1145, 573, 186, 43, 127, 13, 184, 19, 49, 2, 33, 49, 55, 56, 213, 574, 128, 304, 435, 614]"
42.3641869576,-71.1046044474,"[3087, 2107, 1861, 876, 1498, 1551, 3004, 2425, 4312, 2214, 9021, 15674, 17031, 11401, 8595, 5129, 4392, 2105, 1267, 468, 728, 505, 431, 375, 699, 1520, 844, 1377, 725, 156, 1869, 4437, 7145, 7721, 12449, 9373, 5223, 882, 453, 0, 692, 211, 143, 143, 264, 4, 340, 71, 86, 0, 28, 51, 49, 39, 163, 741, 498, 510, 676, 361]"
42.3642519661,-71.1047095577,"[2625, 2395, 2242, 1781, 2560, 5248, 5011, 5531, 4710, 2076, 7348, 7584, 6617, 5279, 4350, 1578, 2531, 1246, 2440, 320, 1614, 823, 1321, 885, 885, 1783, 633, 583, 453, 147, 1131, 2315, 5784, 11048, 18761, 18826, 6874, 1664, 1506, 1, 1697, 816, 340, 338, 545, 23, 675, 187, 405, 16, 193, 424, 284, 199, 658, 469, 483, 437, 531, 771]"
42.3643169746,-71.1048146681,"[2263, 1100, 1598, 2962, 10555, 24876, 14537, 7834, 5714, 524, 3733, 3694, 1134, 1193, 1524, 813, 1230, 485, 372, 45, 242, 302, 269, 291, 426, 531, 455, 325, 229, 55, 531, 1572, 3014, 7680, 21104, 18558, 5869, 2384, 1671, 4, 933, 448, 149, 77, 168, 8, 223, 35, 63, 21, 34, 75, 70, 65, 215, 392, 375, 554, 1431, 2966]"
42.3643819831,-71.1049197786,"[2115, 587, 1482, 5966, 17113, 27575, 15591, 7598, 4582, 514, 3889, 3441, 1777, 1281, 2871, 1631, 3108, 2313, 1328, 197, 302, 242, 654, 128, 345, 876, 277, 539, 119, 35, 394, 858, 1558, 3888, 12023, 13273, 7432, 3799, 2450, 0, 1243, 583, 214, 61, 168, 13, 419, 22, 49, 5, 27, 71, 99, 103, 356, 894, 338, 489, 454, 241]"
42.3644469915,-71.1050248893,"[1756, 719, 1197, 2853, 11024, 18978, 9517, 6532, 9154, 454, 9024, 6781, 2561, 1977, 3445, 932, 4052, 2854, 5705, 513, 2071, 3068, 2679, 1304, 1861, 3139, 2904, 3742, 2024, 478, 3818, 4263, 7646, 4846, 5124, 2702, 3306, 637, 1263, 7, 800, 320, 109, 35, 95, 11, 248, 23, 28, 2, 21, 41, 41, 45, 138, 221, 218, 257, 275, 162]"
42.3644592205,-71.1050361774,"[1583, 549, 1024, 3588, 10935, 17483, 10168, 7652, 8638, 646, 9538, 6408, 2264, 2061, 3845, 1043, 4278, 3267, 6036, 639, 1998, 2961, 2415, 1405, 2183, 2586, 3092, 3668, 1836, 631, 3642, 3982, 6688, 5172, 4205, 2640, 4056, 1010, 1641, 1, 568, 211, 121, 51, 101, 2, 154, 20, 37, 1, 47, 58, 56, 61, 109, 232, 157, 139, 268, 150]"
42.3645205748,-71.1051452375,"[626, 511, 539, 1033, 2846, 7133, 6120, 7009, 5144, 913, 4178, 3835, 1077, 1019, 1546, 416, 1355, 1185, 1508, 192, 1100, 1259, 1202, 1030, 1762, 472, 4844, 1604, 8479, 2048, 10234, 12883, 15370, 28122, 10772, 7195, 2066, 647, 132, 0, 115, 40, 20, 5, 12, 0, 38, 3, 7, 0, 29, 17, 10, 9, 21, 69, 37, 52, 55, 55]"
42.364581929,-71.1052542976,"[6743, 5945, 3460, 6863, 8885, 8911, 7354, 5815, 4790, 541, 4207, 2818, 1322, 932, 1264, 278, 1366, 642, 627, 131, 388, 520, 467, 498, 887, 1083, 1305, 1237, 552, 213, 1517, 2988, 4052, 18291, 28216, 9235, 3820, 1359, 1175, 0, 1252, 595, 178, 99, 231, 15, 375, 79, 139, 5, 73, 167, 76, 74, 627, 1824, 456, 752, 943, 1343]"
42.3646432832,-71.1053633579,"[8192, 9321, 6586, 5040, 9724, 7629, 8524, 5032, 7401, 427, 4943, 4627, 1140, 862, 1364, 253, 1704, 880, 1010, 217, 732, 881, 914, 884, 1746, 1012, 1923, 678, 1066, 396, 2080, 3941, 10856, 21178, 8298, 3314, 2765, 1134, 1531, 10, 1260, 770, 233, 90, 134, 5, 265, 30, 126, 8, 26, 66, 43, 43, 292, 757, 455, 811, 2204, 2167]"
42.3647046374,-71.1054724183,"[8179, 8666, 11388, 7801, 11933, 14514, 7294, 4721, 3742, 424, 3065, 2778, 822, 895, 1097, 226, 1218, 614, 525, 95, 408, 447, 408, 399, 578, 1037, 1091, 1310, 1123, 442, 3023, 3581, 6229, 15142, 13432, 5066, 2167, 1113, 756, 113, 753, 388, 115, 141, 208, 13, 274, 90, 191, 16, 169, 203, 238, 302, 453, 720, 1027, 1125, 2634, 3078]"
42.3647659916,-71.1055814787,"[8722, 11998, 12858, 7727, 6754, 5756, 5464, 5094, 6221, 1987, 4666, 3628, 2801, 2303, 1964, 837, 1015, 269, 323, 58, 187, 333, 340, 326, 564, 873, 761, 850, 657, 305, 2731, 3874, 9893, 23734, 10275, 3046, 1696, 460, 616, 13, 502, 316, 117, 40, 108, 5, 246, 17, 62, 1, 21, 90, 67, 72, 170, 319, 492, 1005, 2207, 2164]"
42.3648273458,-71.1056905393,"[3511, 11781, 18831, 9418, 5614, 3659, 3344, 2096, 2346, 283, 2263, 1753, 989, 1039, 1272, 548, 1932, 906, 871, 206, 481, 495, 527, 571, 732, 933, 1294, 776, 766, 272, 2351, 3302, 4905, 22898, 32208, 5898, 2253, 828, 926, 4, 553, 309, 173, 23, 247, 7, 519, 54, 124, 4, 34, 100, 128, 96, 206, 428, 499, 397, 575, 442]"
42.3648854167,-71.1057943811,"[16347, 9833, 7729, 5476, 4955, 5189, 7925, 4590, 7301, 343, 9427, 6995, 2135, 1965, 2604, 1256, 2917, 625, 455, 76, 145, 952, 531, 143, 1202, 4275, 1040, 3315, 506, 133, 983, 7013, 3438, 1160, 1843, 151, 6013, 446, 1128, 0, 2509, 346, 168, 132, 237, 5, 1614, 25, 149, 2, 191, 221, 349, 899, 1552, 4895, 8126, 2769, 1714, 1537]"
42.3648887,-71.1057996,"[16465, 7638, 8078, 6758, 5953, 4361, 8271, 4386, 5876, 351, 9814, 7122, 2813, 2097, 3072, 1414, 1871, 689, 598, 58, 222, 375, 291, 224, 1236, 4642, 1091, 3817, 654, 117, 1826, 6934, 3615, 997, 2352, 300, 5067, 233, 594, 0, 2138, 242, 114, 59, 188, 5, 911, 47, 84, 0, 199, 445, 289, 543, 1606, 5766, 8502, 3023, 1567, 2000]"
42.3649510875,-71.1058987357,"[14025, 3604, 4418, 3189, 4376, 6143, 5775, 4265, 5445, 360, 6455, 4260, 2086, 1769, 2939, 1807, 4225, 1584, 1734, 545, 986, 1790, 1860, 969, 2085, 6778, 3691, 9859, 2782, 645, 7917, 9299, 8031, 3435, 3745, 622, 7502, 303, 679, 0, 2160, 274, 256, 37, 79, 7, 373, 27, 61, 1, 30, 146, 142, 166, 343, 1181, 787, 577, 659, 712]"
42.3650167583,-71.1060030903,"[12923, 1610, 1799, 1240, 2036, 4449, 3060, 2744, 4878, 49, 7434, 7532, 4308, 3212, 4803, 796, 5792, 1491, 2834, 298, 1679, 2714, 2696, 1648, 3046, 12405, 6911, 10635, 6049, 939, 4745, 6008, 7698, 3888, 4027, 1251, 4964, 325, 994, 1, 1756, 278, 192, 30, 65, 14, 212, 35, 60, 10, 23, 40, 33, 51, 111, 358, 182, 160, 274, 205]"
42.3650824292,-71.1061074451,"[10293, 1358, 1234, 982, 2262, 1442, 2788, 1768, 8218, 32, 7612, 6657, 3620, 2006, 3072, 844, 5335, 1086, 1677, 191, 917, 2237, 2199, 1365, 2592, 8596, 7589, 13661, 5290, 1073, 7424, 10580, 10973, 2396, 3768, 877, 10031, 418, 1215, 1, 1817, 177, 114, 31, 61, 4, 245, 15, 27, 5, 25, 74, 73, 59, 125, 387, 280, 312, 320, 170]"
42.3651274463,-71.1061758199,"[2377, 352, 505, 1095, 4674, 16153, 26630, 12068, 11084, 3375, 6400, 4200, 1981, 778, 1323, 315, 1172, 495, 544, 123, 346, 593, 491, 401, 604, 1469, 1077, 832, 587, 177, 1357, 2029, 3512, 8642, 23495, 11407, 3237, 1164, 838, 0, 585, 240, 108, 26, 69, 2, 202, 11, 22, 1, 11, 42, 50, 18, 96, 306, 74, 160, 48, 27]"
42.3651481,-71.1062118,"[1987, 401, 598, 1061, 4821, 16689, 26950, 13682, 9731, 3038, 5791, 3846, 1661, 874, 1301, 338, 1540, 435, 595, 115, 395, 605, 477, 409, 623, 1234, 1269, 1014, 782, 115, 1101, 1600, 2989, 8375, 25079, 11638, 3502, 763, 638, 1, 496, 231, 151, 37, 68, 0, 105, 6, 22, 0, 19, 35, 38, 26, 170, 194, 101, 121, 80, 37]"
42.3651895847,-71.1062840648,"[2195, 339, 425, 625, 2029, 2878, 4426, 3773, 3516, 431, 5150, 3964, 1481, 754, 1119, 116, 1622, 260, 591, 28, 221, 537, 551, 522, 905, 2635, 1578, 3712, 2274, 404, 4879, 9062, 19608, 33687, 20549, 14801, 4066, 611, 873, 4, 647, 454, 171, 50, 83, 5, 119, 12, 28, 3, 30, 34, 26, 32, 76, 211, 113, 171, 324, 210]"
42.3652517231,-71.1063923098,"[1542, 408, 1310, 3134, 3820, 4347, 5167, 8086, 12241, 6501, 12491, 12464, 5156, 3683, 3979, 1624, 2681, 2131, 1658, 663, 1009, 1337, 863, 1254, 944, 1183, 2989, 2464, 2625, 436, 3903, 4473, 5868, 9782, 11052, 5164, 4816, 1089, 1317, 1, 1330, 852, 218, 139, 257, 3, 320, 30, 73, 0, 36, 97, 56, 59, 113, 277, 165, 175, 90, 55]"
42.3653138616,-71.1065005548,"[2172, 896, 1057, 2259, 3166, 2901, 4471, 7276, 9697, 4807, 7789, 7875, 4757, 4494, 6004, 4993, 4642, 3610, 2829, 677, 2084, 1189, 1194, 1773, 1490, 721, 2923, 763, 2771, 895, 8470, 10160, 13702, 19743, 2168, 374, 736, 141, 269, 2, 326, 221, 65, 40, 73, 10, 138, 23, 37, 1, 35, 44, 24, 23, 92, 159, 100, 118, 391, 140]"
42.3653727637,-71.1066032912,"[5148, 679, 759, 653, 1292, 938, 3415, 3763, 8136, 3986, 9605, 7729, 5715, 4319, 5940, 5175, 7667, 6307, 6388, 827, 4295, 4497, 3223, 2578, 4413, 2809, 5868, 2959, 2545, 531, 4099, 6009, 5305, 5187, 4826, 2515, 3193, 845, 1029, 60, 957, 513, 260, 98, 213, 33, 261, 60, 113, 14, 75, 117, 149, 132, 349, 485, 395, 330, 138, 81]"
42.3654360285,-71.1067103347,"[4907, 3918, 3655, 5852, 7374, 5849, 5290, 4503, 6219, 2629, 9832, 7200, 4741, 2834, 3397, 1679, 3030, 1157, 845, 297, 451, 420, 599, 240, 386, 895, 717, 962, 471, 118, 942, 1682, 3119, 7637, 19507, 9159, 7852, 3882, 3379, 272, 2388, 485, 188, 114, 224, 18, 354, 113, 348, 92, 258, 415, 376, 483, 662, 831, 1552, 835, 1375, 991]"
42.3654992932,-71.1068173783,"[4378, 2480, 2687, 2185, 4600, 13397, 8169, 4823, 5667, 1647, 6272, 6986, 6997, 4285, 3604, 1296, 2378, 1030, 979, 131, 435, 322, 430, 326, 400, 511, 582, 506, 340, 71, 700, 940, 1420, 4311, 17527, 16771, 11979, 4087, 1865, 207, 1544, 564, 344, 133, 513, 13, 670, 59, 240, 5, 127, 415, 345, 438, 799, 1026, 1821, 1014, 1331, 878]"
42.365562558,-71.106924422,"[4065, 2669, 4216, 4929, 6891, 12205, 6466, 2668, 2592, 301, 2577, 2839, 2095, 1923, 3331, 2425, 4235, 1329, 1096, 225, 615, 889, 902, 709, 1307, 1918, 2219, 2019, 1778, 512, 2750, 3340, 3896, 5358, 10440, 15480, 13057, 9474, 4432, 338, 1777, 1053, 380, 303, 522, 118, 516, 123, 167, 32, 96, 254, 183, 164, 306, 436, 656, 612, 965, 827]"
42.3656258228,-71.1070314658,"[3489, 2883, 2883, 3716, 3276, 2244, 2164, 2038, 2128, 606, 2581, 2632, 1180, 980, 1325, 974, 2550, 3739, 2397, 729, 814, 840, 735, 674, 938, 860, 1903, 1308, 2218, 1550, 4331, 4500, 4791, 8703, 20244, 24383, 12309, 6920, 3447, 98, 2327, 1991, 459, 375, 623, 86, 378, 194, 269, 32, 156, 265, 193, 363, 807, 633, 1322, 812, 1399, 1236]"
42.3656890875,-71.1071385098,"[3297, 2908, 2953, 4340, 6692, 11395, 7636, 4702, 5503, 620, 3636, 3485, 1659, 1347, 2540, 4252, 4190, 1998, 1272, 279, 703, 701, 657, 964, 1048, 1008, 1925, 1336, 1462, 458, 2690, 4174, 4779, 10122, 15157, 9283, 7187, 4453, 3833, 83, 4103, 1353, 557, 221, 469, 54, 521, 187, 317, 15, 106, 190, 162, 181, 428, 652, 805, 540, 1318, 1094]"
42.3657523523,-71.1072455538,"[3319, 5348, 10026, 9432, 7741, 10934, 6965, 3302, 3045, 429, 3349, 3693, 2532, 2420, 3076, 1850, 2779, 934, 991, 149, 662, 716, 602, 573, 968, 1156, 1583, 1603, 1407, 303, 2584, 3252, 4423, 7328, 10730, 8744, 12216, 4644, 3784, 11, 3340, 1396, 387, 187, 395, 22, 667, 67, 216, 16, 121, 263, 235, 177, 300, 611, 528, 383, 568, 518]"
42.3658156171,-71.1073525979,"[5224, 7072, 7786, 8366, 7462, 11460, 6611, 4314, 2842, 1010, 2967, 3522, 2510, 1712, 2126, 2118, 3260, 3136, 1702, 942, 1303, 803, 904, 829, 817, 773, 1308, 788, 938, 451, 2315, 2544, 3913, 13669, 14886, 6176, 4148, 933, 862, 6, 584, 417, 165, 70, 272, 28, 236, 110, 208, 31, 208, 179, 339, 300, 665, 1045, 2252, 2425, 3859, 2099]"
42.3658788818,-71.1074596422,"[7936, 3395, 4030, 5986, 3759, 4211, 3767, 2519, 2073, 59, 3607, 3036, 1371, 1257, 2349, 907, 2891, 1726, 3188, 743, 2354, 2622, 2484, 2507, 4411, 4094, 8429, 2700, 6999, 5653, 11512, 8721, 8016, 9312, 4671, 1037, 1896, 420, 606, 2, 990, 305, 180, 74, 283, 52, 959, 236, 321, 69, 339, 485, 578, 613, 862, 622, 2077, 1065, 1822, 812]"
42.3659421466,-71.1075666865,"[4645, 5142, 5338, 4380, 5801, 10635, 7604, 5151, 6188, 2420, 6147, 7367, 5358, 3775, 6218, 3093, 5092, 2852, 2572, 328, 711, 962, 1258, 1044, 991, 1623, 3889, 2752, 3286, 863, 4515, 4540, 6330, 5105, 6357, 5406, 3942, 1305, 1057, 15, 978, 299, 133, 54, 128, 16, 164, 48, 79, 10, 42, 66, 61, 66, 118, 271, 235, 241, 466, 468]"
42.3660054114,-71.107673731,"[2328, 894, 1106, 1498, 2562, 4194, 4064, 4001, 4300, 2311, 7497, 9960, 7339, 6451, 6940, 4621, 4410, 2950, 2008, 1295, 2936, 1393, 1530, 898, 1012, 1427, 1264, 1771, 1480, 413, 3019, 4935, 9135, 15401, 9675, 7368, 6470, 2030, 795, 56, 770, 469, 329, 89, 371, 16, 279, 146, 297, 37, 232, 260, 238, 315, 452, 319, 525, 372, 474, 273]"
42.3660686762,-71.1077807755,"[4302, 1782, 1432, 2134, 4552, 8864, 7091, 6770, 5053, 349, 6869, 3339, 4260, 4076, 3836, 3250, 4514, 2680, 1709, 472, 835, 739, 814, 555, 924, 1380, 1490, 1822, 1598, 436, 2433, 3331, 4423, 4964, 10680, 9300, 9318, 4291, 3645, 68, 3290, 1837, 936, 329, 725, 162, 827, 353, 443, 65, 209, 599, 711, 870, 1183, 1136, 1675, 1919, 1427, 924]"
42.3661319409,-71.1078878202,"[6591, 1390, 1475, 1963, 3058, 2760, 6851, 6344, 7839, 1984, 9070, 6089, 6052, 7343, 7068, 3378, 4020, 1185, 1174, 195, 732, 770, 705, 611, 1260, 3375, 1490, 2138, 1165, 434, 2985, 4374, 4392, 5302, 9866, 6023, 6744, 3545, 2577, 253, 2324, 1296, 393, 153, 343, 71, 643, 181, 221, 55, 152, 316, 278, 271, 698, 1396, 1642, 2740, 1662, 595]"
42.3661952057,-71.107994865,"[6731, 3934, 2754, 3243, 4310, 2783, 5732, 3083, 6767, 1654, 7208, 8312, 7774, 7266, 5506, 2044, 3540, 1151, 1020, 137, 444, 900, 916, 476, 821, 2655, 1957, 3059, 3985, 399, 2659, 2876, 3493, 2666, 10488, 10842, 6845, 2009, 1943, 35, 2447, 1203, 453, 286, 493, 23, 800, 67, 241, 14, 72, 215, 151, 173, 492, 1690, 1294, 1701, 2324, 1444]"
42.3662584705,-71.1081019099,"[6146, 5273, 5375, 5029, 6901, 5513, 6928, 4714, 7001, 1149, 7181, 6632, 3469, 3454, 3642, 1286, 2932, 599, 564, 94, 246, 560, 431, 240, 897, 2048, 864, 1954, 854, 136, 1790, 4549, 5250, 8917, 16973, 11812, 7038, 1832, 2104, 1, 2188, 936, 265, 105, 180, 10, 387, 46, 75, 6, 41, 134, 65, 64, 281, 940, 304, 594, 603, 398]"
42.3663217352,-71.1082089549,"[4438, 1803, 2232, 3869, 5794, 7517, 5993, 4033, 5823, 1591, 7947, 6736, 6675, 4170, 3083, 1606, 2743, 1065, 1027, 216, 565, 838, 739, 515, 984, 2120, 1481, 2367, 761, 234, 1711, 3930, 4850, 8983, 16011, 11254, 9297, 2623, 2523, 4, 3138, 1739, 603, 126, 232, 6, 589, 39, 124, 0, 93, 171, 150, 120, 430, 1047, 448, 441, 254, 99]"
42.366360033,-71.1082697993,"[3253, 533, 823, 1600, 5435, 7557, 9479, 7737, 10770, 3938, 14001, 15498, 9413, 5716, 5389, 1069, 2993, 1098, 1667, 157, 466, 836, 706, 525, 924, 1949, 1006, 1233, 554, 157, 2062, 2374, 1948, 2841, 9712, 7101, 7104, 2203, 2334, 0, 1830, 951, 329, 65, 152, 2, 783, 11, 56, 0, 35, 65, 46, 28, 261, 871, 96, 175, 63, 20]"
42.3664198264,-71.1083804393,"[1956, 1454, 1278, 1275, 2547, 4064, 3717, 4327, 7504, 6171, 13504, 13168, 8768, 6219, 7483, 5266, 5614, 1995, 1080, 335, 509, 596, 590, 311, 691, 1030, 742, 768, 453, 101, 816, 2326, 3800, 9887, 13280, 9840, 8704, 2108, 1597, 0, 1177, 526, 204, 43, 175, 1, 298, 33, 112, 3, 19, 125, 84, 41, 174, 442, 167, 245, 135, 122]"
42.3664796198,-71.1084910793,"[2236, 1222, 1489, 2428, 3339, 3887, 4227, 5481, 7363, 3612, 8070, 11981, 14523, 14956, 10323, 4673, 2796, 1297, 913, 208, 457, 425, 545, 517, 700, 428, 771, 681, 293, 61, 1164, 1457, 3446, 11066, 11281, 7732, 2230, 1020, 752, 4, 603, 275, 139, 30, 110, 21, 218, 101, 250, 33, 290, 669, 549, 831, 1350, 489, 2513, 221, 788, 466]"
42.3665394132,-71.1086017194,"[2487, 1664, 2014, 4397, 6747, 5844, 5922, 7086, 6297, 2484, 7912, 9799, 5126, 3501, 3083, 1623, 2123, 1249, 1070, 255, 587, 494, 643, 491, 730, 634, 1070, 492, 585, 213, 1055, 1093, 1246, 2845, 8628, 17415, 14962, 6321, 2229, 189, 1542, 1388, 567, 349, 692, 202, 1185, 643, 725, 211, 768, 1088, 1106, 512, 1007, 696, 2740, 876, 729, 369]"
42.3665992066,-71.1087123597,"[5659, 3678, 3062, 3144, 4638, 10744, 17332, 7090, 5615, 1339, 5524, 4545, 2434, 1718, 2127, 1230, 2354, 1227, 1147, 187, 453, 609, 602, 438, 608, 1338, 1290, 1233, 894, 154, 3393, 3028, 4348, 8805, 8940, 10432, 7636, 3399, 3240, 36, 2656, 1873, 761, 370, 613, 16, 504, 48, 192, 1, 55, 153, 147, 145, 359, 786, 1207, 892, 2161, 1391]"
42.3666338026,-71.1087756554,"[6084, 3576, 3887, 3703, 3383, 3582, 4869, 4610, 4206, 399, 4181, 3558, 1196, 950, 1683, 801, 1929, 1289, 1650, 490, 925, 869, 1061, 716, 637, 784, 1145, 786, 585, 171, 1447, 1714, 2717, 6640, 22375, 22682, 9943, 4443, 2925, 44, 2489, 1183, 258, 229, 483, 53, 563, 347, 509, 118, 512, 649, 603, 736, 1561, 971, 4141, 1006, 2605, 2349]"
42.3666930022,-71.1088868792,"[6767, 3387, 2157, 3375, 4010, 3294, 3364, 2763, 4571, 1846, 8622, 13328, 14943, 9462, 10211, 5542, 4980, 1795, 869, 208, 408, 369, 389, 249, 634, 1154, 459, 935, 234, 29, 979, 1434, 3522, 1749, 5454, 9136, 8202, 7261, 2340, 38, 1693, 756, 213, 77, 168, 4, 448, 31, 109, 9, 60, 229, 266, 195, 414, 670, 906, 720, 1226, 1337]"
42.3667522017,-71.1089981032,"[8097, 3298, 3865, 3279, 5033, 3721, 8037, 3998, 6079, 1744, 10350, 5779, 2794, 1934, 2755, 1419, 3232, 2017, 2154, 969, 1227, 1071, 1195, 819, 1388, 3627, 2530, 3719, 2705, 370, 3653, 5920, 6551, 7058, 9875, 5097, 3944, 2085, 1857, 97, 2248, 1296, 459, 280, 551, 118, 591, 312, 370, 42, 243, 452, 328, 566, 604, 918, 1614, 831, 1680, 1155]"
42.3668114013,-71.1091093272,"[6567, 5457, 4981, 3195, 2727, 3125, 2975, 3472, 4786, 1931, 6469, 7204, 4438, 3505, 3787, 2892, 4831, 3421, 2686, 1001, 1625, 1469, 1329, 1013, 1333, 917, 1859, 1703, 2420, 1179, 4777, 4250, 5503, 8767, 11304, 12503, 2986, 921, 973, 5, 1014, 877, 331, 197, 495, 97, 1093, 402, 434, 165, 480, 621, 563, 656, 899, 691, 1185, 702, 1243, 1569]"
42.3668706009,-71.1092205514,"[4115, 6102, 16325, 8319, 4683, 4371, 3263, 3109, 3211, 1365, 6586, 8365, 3828, 2129, 2824, 1651, 2635, 2091, 1342, 932, 1685, 1211, 1452, 545, 1081, 521, 1375, 854, 1756, 824, 3778, 4163, 4257, 8358, 14061, 10591, 5188, 2035, 1547, 7, 733, 651, 260, 60, 126, 9, 160, 32, 50, 6, 28, 179, 170, 80, 145, 190, 555, 219, 1435, 2377]"
42.3669298004,-71.1093317756,"[8405, 10927, 10963, 7182, 7079, 5288, 4785, 3520, 5552, 224, 4237, 3764, 1787, 1053, 1325, 797, 1461, 664, 598, 268, 581, 807, 563, 260, 370, 907, 533, 1695, 360, 117, 637, 1365, 1519, 2944, 7783, 15854, 13255, 4167, 3190, 40, 4037, 1434, 525, 337, 654, 87, 1072, 157, 423, 20, 271, 316, 310, 254, 894, 1238, 2270, 1315, 4483, 3077]"
42.366980009,-71.10942593,"[4195, 1352, 1597, 1372, 2233, 1895, 5779, 5041, 8090, 1661, 11222, 8800, 5418, 5551, 7155, 8744, 8109, 3101, 1855, 630, 826, 718, 696, 559, 626, 853, 1279, 1064, 482, 139, 1101, 1725, 1680, 4611, 17409, 17036, 6772, 1684, 1032, 5, 1118, 512, 337, 69, 160, 0, 501, 8, 24, 0, 33, 42, 41, 32, 207, 798, 321, 331, 852, 517]"
42.3670388072,-71.1095375438,"[3880, 2282, 1783, 2325, 3510, 3190, 3369, 2160, 2245, 883, 4604, 6124, 6509, 5683, 6443, 5484, 5354, 3289, 2026, 1077, 1354, 1090, 1107, 738, 1505, 1131, 2240, 989, 844, 104, 1184, 1758, 1577, 1559, 5899, 17786, 12991, 9147, 6301, 285, 4810, 2790, 757, 307, 615, 21, 2206, 181, 358, 10, 165, 434, 277, 214, 624, 734, 1113, 795, 1070, 710]"
42.3670976054,-71.1096491577,"[1295, 405, 803, 672, 1240, 1485, 3362, 4962, 6688, 2621, 6631, 11768, 19854, 18238, 13114, 5991, 3132, 914, 817, 150, 484, 949, 1042, 641, 1595, 1888, 2514, 2759, 1825, 319, 3462, 3811, 5751, 5985, 7314, 6044, 4560, 1235, 891, 9, 921, 321, 125, 64, 130, 6, 123, 48, 47, 4, 35, 41, 26, 47, 101, 233, 127, 128, 191, 62]"
42.3671564036,-71.1097607717,"[6453, 2586, 3659, 6296, 5605, 3362, 6093, 10760, 9715, 1761, 5078, 2918, 1235, 795, 1247, 670, 1693, 1158, 1240, 402, 510, 555, 597, 404, 553, 1346, 740, 1145, 355, 120, 843, 1786, 2618, 4695, 17419, 16768, 7678, 3849, 4618, 53, 4646, 3161, 583, 390, 800, 40, 996, 157, 372, 18, 169, 353, 246, 222, 931, 2813, 1628, 1481, 1116, 500]"
42.3672152018,-71.1098723858,"[4655, 2545, 2589, 3676, 8243, 16667, 16732, 9907, 9537, 931, 10255, 8497, 4674, 3205, 2903, 1816, 3953, 1759, 1255, 328, 569, 764, 885, 556, 1050, 1767, 1276, 1255, 605, 137, 1075, 1722, 1708, 2272, 6985, 4005, 5814, 1709, 2228, 38, 2608, 806, 333, 108, 211, 25, 546, 65, 113, 6, 112, 188, 139, 123, 369, 898, 760, 751, 875, 417]"
42.367234801,-71.1099079311,"[3798, 2177, 2624, 3597, 7125, 17134, 16728, 9812, 9626, 903, 10414, 10135, 4140, 3405, 3186, 1645, 3791, 1708, 1290, 271, 529, 773, 724, 613, 1114, 2184, 1277, 1366, 625, 135, 1137, 2114, 2450, 2809, 6441, 4016, 5410, 1885, 2256, 45, 2231, 805, 360, 116, 223, 28, 438, 37, 139, 16, 155, 135, 133, 129, 362, 692, 760, 582, 924, 323]"
42.3672927408,-71.1100203647,"[4137, 2050, 1641, 1615, 3005, 2192, 2867, 2276, 4435, 284, 4890, 5458, 4276, 3879, 4934, 3206, 4078, 3074, 2149, 857, 1041, 676, 639, 506, 634, 990, 820, 532, 463, 127, 1028, 1308, 1233, 887, 3615, 2154, 8578, 8128, 11186, 46, 11407, 13977, 2439, 1863, 5401, 289, 2373, 1098, 1282, 29, 553, 799, 752, 658, 1009, 1717, 2347, 2234, 2487, 1392]"
42.3673506806,-71.1101327984,"[3381, 1562, 2397, 4327, 7060, 16903, 22627, 15991, 6103, 1223, 3381, 3262, 1712, 676, 770, 99, 1025, 277, 422, 27, 120, 243, 294, 263, 505, 762, 749, 749, 668, 511, 2034, 1734, 1985, 3248, 3706, 1840, 3624, 2762, 3302, 3, 4044, 5760, 2169, 889, 5731, 67, 2875, 1123, 2225, 33, 1167, 1141, 1771, 1098, 2137, 1382, 1661, 1162, 728, 510]"
42.3674086204,-71.1102452321,"[4026, 2069, 4061, 2794, 5586, 6991, 8790, 5063, 5261, 1859, 10647, 8287, 6383, 4410, 3880, 1571, 2419, 960, 875, 198, 428, 725, 659, 492, 660, 1396, 1678, 1433, 1442, 497, 3437, 3019, 3449, 6694, 14832, 10602, 7045, 2947, 2781, 24, 2972, 1043, 498, 121, 270, 11, 875, 17, 110, 5, 167, 187, 208, 89, 311, 1239, 405, 588, 295, 219]"
42.3674665602,-71.110357666,"[2090, 1560, 3670, 6792, 10641, 10208, 6871, 6173, 6898, 5980, 8202, 6567, 3604, 2353, 1923, 662, 1531, 632, 655, 126, 538, 526, 518, 672, 780, 1468, 1399, 803, 911, 332, 2471, 3042, 4473, 7747, 15875, 12424, 6376, 3058, 2572, 1659, 1671, 584, 336, 107, 217, 50, 225, 67, 113, 22, 189, 114, 90, 86, 149, 299, 172, 206, 218, 303]"
42.36750825,-71.1104318892,"[5241, 2622, 1858, 1422, 2163, 2306, 4371, 4748, 5287, 1822, 5478, 3941, 2963, 2189, 4051, 2838, 4497, 2305, 1969, 666, 1040, 903, 1132, 852, 1294, 1789, 1215, 1637, 808, 213, 1952, 2247, 2719, 4323, 11723, 15313, 13259, 7844, 9517, 380, 4705, 4694, 624, 92, 301, 19, 1051, 33, 103, 3, 61, 172, 112, 133, 465, 720, 534, 572, 1588, 1121]"
42.3675245,-71.1104701,"[5699, 2235, 1652, 1448, 1727, 2158, 4369, 4208, 5344, 2324, 6343, 4344, 2912, 2459, 4026, 2606, 4155, 2405, 2551, 617, 1174, 1321, 1393, 749, 1082, 1640, 1482, 2229, 863, 216, 1775, 2131, 3442, 3783, 10545, 15660, 13684, 6719, 9013, 418, 4904, 4160, 467, 136, 273, 10, 614, 122, 178, 1, 195, 181, 166, 204, 415, 705, 768, 504, 1481, 1615]"
42.367558775,-71.1105506946,"[3420, 2089, 2194, 3974, 5885, 6113, 8062, 7601, 11126, 2568, 13887, 12169, 5281, 3616, 5037, 1527, 4614, 2032, 4256, 515, 987, 2642, 2555, 1189, 1022, 1561, 1619, 2134, 891, 204, 1604, 2769, 3993, 5791, 7260, 4179, 5139, 1879, 1395, 52, 1762, 599, 333, 51, 102, 2, 332, 7, 33, 0, 16, 55, 39, 54, 126, 536, 206, 187, 380, 349]"
42.3675818709,-71.1105960889,"[3826, 2189, 3258, 3295, 5052, 7039, 6640, 6683, 10466, 2736, 15433, 10952, 5840, 3614, 4758, 1226, 4417, 2000, 3969, 356, 1025, 2501, 2417, 1296, 983, 1849, 1515, 1996, 786, 172, 1899, 3221, 3995, 6647, 7326, 4321, 5403, 1892, 1610, 45, 1831, 703, 310, 62, 120, 1, 324, 12, 42, 1, 27, 53, 44, 19, 110, 527, 118, 280, 433, 335]"
42.3676093,-71.1106695,"[3603, 2695, 3437, 2746, 2425, 3855, 5893, 5794, 6625, 6875, 11383, 13663, 6419, 3489, 1983, 880, 909, 604, 519, 177, 468, 424, 341, 400, 492, 423, 1145, 423, 910, 273, 1298, 1717, 1869, 2916, 9159, 9034, 5530, 4145, 3445, 322, 3755, 4151, 959, 899, 1363, 338, 923, 758, 1279, 162, 590, 700, 597, 818, 977, 779, 2873, 2186, 4120, 3065]"
42.3676275781,-71.1107184165,"[3486, 2632, 3416, 2736, 2641, 4027, 5884, 5616, 7382, 7501, 9482, 13912, 6660, 3568, 2076, 764, 921, 672, 552, 169, 495, 381, 355, 343, 495, 350, 1306, 329, 1032, 264, 1152, 1574, 2371, 3186, 9061, 8395, 5620, 4638, 4319, 363, 4308, 3728, 1322, 669, 971, 297, 809, 758, 1256, 194, 576, 740, 689, 754, 1110, 1024, 2527, 1714, 3258, 3170]"
42.3676732854,-71.1108407443,"[5035, 3271, 3348, 5899, 4136, 2983, 2155, 1726, 3573, 5224, 10799, 11115, 6764, 4657, 3408, 1760, 2141, 1062, 656, 236, 332, 281, 290, 219, 326, 425, 395, 222, 154, 59, 429, 362, 586, 880, 4805, 9255, 8381, 13322, 9985, 1824, 5461, 6042, 1328, 839, 1645, 162, 1042, 714, 1086, 51, 583, 556, 396, 550, 818, 614, 1772, 855, 1691, 1315]"
42.3677189927,-71.1109630721,"[2957, 2269, 2668, 1638, 1673, 1538, 2721, 1853, 3125, 2459, 11899, 13224, 8721, 6373, 5376, 2743, 2065, 1143, 1017, 357, 783, 618, 695, 677, 835, 915, 1203, 948, 812, 266, 1702, 1986, 2334, 3187, 7088, 11637, 11587, 9317, 6154, 222, 5306, 3633, 987, 768, 1734, 144, 2054, 404, 661, 23, 395, 656, 477, 352, 397, 733, 806, 995, 451, 239]"
42.3677629747,-71.1110800989,"[1626, 1258, 1094, 1522, 1553, 1411, 1316, 1674, 2150, 1661, 5816, 12270, 11772, 8960, 6035, 5128, 3926, 2650, 2180, 909, 1111, 749, 681, 603, 637, 517, 832, 563, 524, 223, 1236, 1105, 1179, 3350, 9691, 21496, 14770, 9195, 4203, 351, 2320, 1802, 448, 340, 598, 120, 465, 293, 370, 44, 339, 343, 339, 482, 746, 616, 962, 464, 647, 335]"
42.3677647,-71.1110854,"[1339, 889, 1115, 1787, 1738, 1628, 1687, 1807, 2471, 1678, 5737, 11178, 11350, 7783, 6522, 4691, 4428, 2926, 2171, 879, 1151, 806, 735, 831, 751, 574, 912, 427, 604, 236, 1205, 1029, 1296, 3433, 9608, 22401, 14500, 9516, 3577, 366, 2405, 1511, 478, 425, 688, 135, 551, 310, 524, 42, 424, 334, 362, 467, 551, 607, 1105, 528, 493, 298]"
42.3678040536,-71.1112053985,"[5165, 5177, 5198, 8017, 6603, 3588, 4054, 3086, 5531, 2790, 9463, 11157, 6191, 2465, 1781, 578, 1917, 526, 564, 84, 394, 478, 541, 502, 892, 1389, 1930, 1385, 2046, 637, 3080, 2403, 2505, 2544, 5591, 7667, 7564, 4690, 3860, 308, 3613, 3358, 1372, 964, 1519, 288, 1537, 684, 1051, 95, 804, 875, 715, 749, 952, 1095, 2387, 1097, 1516, 988]"
42.3678451325,-71.1113306982,"[6685, 3769, 3118, 6236, 5329, 4756, 5333, 5271, 8165, 3492, 9796, 10282, 3871, 1921, 2307, 1012, 2081, 880, 833, 113, 408, 779, 636, 592, 1004, 2183, 1949, 1946, 1260, 504, 3055, 3781, 4588, 4853, 7307, 6452, 6455, 4020, 3261, 68, 3506, 2545, 724, 380, 797, 95, 1223, 260, 381, 14, 223, 449, 353, 314, 753, 1005, 1340, 1130, 1972, 2185]"
42.3678862113,-71.111455998,"[5469, 3415, 3278, 4277, 5720, 4034, 4055, 2989, 3849, 1358, 4373, 3778, 2173, 1389, 1663, 786, 2159, 827, 931, 277, 612, 721, 631, 638, 1026, 1625, 2076, 1490, 1546, 653, 3262, 4078, 4238, 7757, 15162, 20433, 12095, 2979, 2743, 116, 2164, 2277, 806, 390, 1600, 91, 741, 245, 536, 26, 320, 356, 395, 482, 654, 916, 1575, 927, 2482, 2336]"
42.3679272902,-71.1115812978,"[6175, 5796, 6857, 7717, 6254, 3056, 3037, 2057, 2810, 698, 3661, 2335, 1548, 1265, 1920, 1658, 2204, 1581, 1291, 696, 1088, 939, 945, 728, 881, 892, 1617, 785, 1194, 462, 2993, 3480, 3247, 7923, 18979, 22702, 6447, 1909, 1152, 50, 907, 669, 243, 130, 349, 44, 469, 194, 366, 27, 276, 364, 570, 529, 1352, 851, 3520, 1700, 4259, 2152]"
42.3679683691,-71.1117065977,"[7290, 5670, 5537, 6361, 8967, 7548, 6397, 5227, 6972, 3733, 8363, 7818, 5047, 4270, 4410, 2983, 3580, 2743, 1844, 689, 1171, 915, 1138, 889, 945, 1488, 965, 1347, 955, 304, 1894, 1979, 2135, 4673, 10822, 6758, 2702, 777, 930, 4, 890, 446, 219, 114, 295, 33, 615, 261, 337, 80, 233, 301, 321, 357, 513, 901, 1279, 946, 2182, 1437]"
42.3680094479,-71.1118318977,"[4258, 2645, 2981, 2093, 2166, 2134, 2827, 4021, 7984, 8048, 12924, 13246, 11225, 7088, 6324, 3758, 4399, 2439, 2014, 1180, 2359, 1073, 868, 459, 653, 1344, 890, 806, 479, 128, 917, 652, 1815, 1861, 5941, 14233, 9428, 3104, 1760, 28, 2109, 631, 345, 98, 277, 20, 423, 46, 87, 5, 49, 115, 159, 98, 248, 671, 646, 535, 509, 377]"
42.3680505268,-71.1119571978,"[1565, 828, 799, 912, 1924, 2651, 2832, 2115, 2938, 996, 3273, 5045, 4058, 3519, 4455, 3427, 4853, 4112, 3859, 1809, 2411, 1736, 2350, 1882, 2246, 1304, 2692, 1539, 2401, 809, 5200, 5932, 7470, 12540, 13703, 17472, 8431, 3429, 2283, 201, 1991, 1299, 453, 224, 540, 95, 447, 94, 235, 28, 140, 192, 130, 110, 232, 578, 399, 488, 226, 98]"
42.3680916057,-71.112082498,"[2646, 1948, 1485, 2140, 3544, 4190, 4979, 4663, 4832, 1065, 4771, 5104, 3353, 3348, 3661, 1634, 2164, 1184, 1128, 277, 744, 934, 717, 677, 935, 862, 1846, 1117, 1686, 422, 3362, 4307, 5954, 9816, 16249, 25131, 9688, 4168, 2045, 108, 1234, 1539, 445, 266, 603, 48, 613, 243, 306, 91, 241, 309, 285, 312, 528, 895, 1129, 513, 904, 612]"
42.3681326845,-71.1122077982,"[2473, 1291, 1796, 3713, 3120, 2376, 4493, 5067, 7826, 5144, 9511, 11283, 9044, 6626, 4740, 2967, 3667, 2572, 1896, 701, 1293, 1000, 1308, 1267, 1508, 1865, 4506, 5604, 6698, 2311, 4628, 3180, 3693, 5853, 5923, 3585, 3679, 1812, 1283, 157, 1199, 792, 387, 219, 515, 80, 562, 167, 334, 36, 202, 284, 227, 299, 396, 644, 765, 614, 536, 283]"
42.3681737634,-71.1123330985,"[3704, 1666, 1243, 1718, 2098, 2681, 3458, 3956, 6134, 3591, 8574, 13199, 9155, 5401, 4494, 2528, 2921, 2152, 1574, 723, 1365, 1140, 1189, 1194, 1491, 1032, 1917, 966, 1408, 580, 2891, 3137, 3994, 7303, 10837, 11653, 7197, 4661, 2758, 220, 2346, 1259, 534, 363, 653, 282, 663, 297, 362, 111, 323, 312, 311, 335, 499, 595, 592, 522, 723, 1015]"
42.3682148423,-71.1124583989,"[3486, 2434, 2896, 1791, 2848, 2827, 3826, 2979, 4380, 1982, 7623, 8563, 6790, 5706, 5822, 3951, 5005, 3268, 2319, 870, 1712, 1223, 1227, 1357, 1628, 1241, 2142, 1065, 1525, 693, 3559, 4449, 5420, 9234, 15263, 12917, 4962, 1648, 1189, 12, 1545, 1076, 306, 132, 271, 29, 492, 109, 167, 21, 191, 259, 174, 194, 394, 571, 792, 425, 627, 393]"
42.3682559211,-71.1125836994,"[3479, 4212, 3442, 3202, 3012, 3367, 4278, 4051, 5740, 890, 7246, 12405, 10797, 7038, 8452, 6175, 6188, 3399, 2639, 620, 1343, 838, 955, 722, 920, 774, 1244, 722, 907, 340, 2313, 2355, 3066, 9653, 14001, 7212, 3184, 1409, 1237, 38, 1229, 770, 292, 160, 310, 21, 309, 96, 169, 3, 92, 122, 106, 106, 246, 320, 334, 248, 531, 671]"
42.3682730466,-71.1126369513,"[6134, 2303, 2648, 2887, 5980, 6335, 7818, 5703, 7575, 1666, 9659, 9764, 5322, 3044, 3516, 2499, 3232, 1391, 1457, 290, 807, 786, 866, 1147, 1210, 2226, 3148, 2804, 2111, 1011, 4038, 4483, 5387, 7493, 7124, 7503, 5020, 1491, 1182, 18, 1216, 668, 306, 197, 400, 20, 890, 85, 164, 4, 185, 214, 259, 131, 531, 2167, 626, 914, 971, 974]"
42.3683146114,-71.112761958,"[4029, 3062, 3201, 3056, 4506, 4766, 2691, 1851, 2459, 1144, 4713, 5392, 4467, 3533, 3125, 1453, 2134, 1665, 1185, 521, 909, 938, 924, 863, 1256, 814, 1826, 730, 1242, 337, 2372, 2127, 2093, 4274, 15024, 29359, 7593, 4174, 3892, 377, 2847, 2424, 785, 421, 876, 155, 916, 341, 644, 79, 309, 459, 473, 553, 856, 835, 2054, 1543, 2062, 1291]"
42.3683561762,-71.1128869648,"[5542, 3930, 5368, 7328, 6854, 5255, 5453, 5359, 5772, 3752, 4742, 3139, 1901, 1279, 1685, 1321, 1645, 1049, 667, 342, 429, 369, 417, 351, 604, 589, 1110, 584, 876, 494, 2101, 2154, 2499, 4598, 6764, 11429, 9315, 6946, 4140, 127, 2881, 2299, 826, 598, 1291, 416, 1493, 1289, 1518, 265, 1198, 1531, 744, 1116, 908, 1072, 2613, 1745, 4475, 3443]"
42.3683977409,-71.1130119717,"[4141, 3697, 3707, 7145, 7140, 7734, 5669, 6872, 8056, 4579, 10511, 10584, 6312, 3831, 3106, 1428, 1607, 1140, 799, 210, 343, 390, 357, 289, 351, 435, 546, 532, 331, 117, 1025, 1189, 1220, 2153, 4379, 10911, 8320, 7517, 4693, 148, 3166, 2354, 575, 329, 908, 24, 1091, 191, 313, 36, 246, 321, 311, 368, 472, 752, 1450, 1174, 1556, 849]"
42.3684393057,-71.1131369786,"[3124, 889, 757, 745, 1780, 2563, 2993, 2459, 2637, 873, 5270, 4892, 4138, 5004, 6051, 5600, 4808, 2241, 1567, 776, 1340, 1098, 1019, 1084, 1081, 2372, 2270, 1283, 2421, 635, 4723, 5767, 7786, 9443, 14366, 13133, 6822, 3557, 2820, 267, 2966, 1556, 519, 318, 552, 90, 611, 265, 368, 92, 455, 509, 678, 651, 890, 1080, 2429, 994, 1753, 770]"
42.3684808705,-71.1132619857,"[3349, 2456, 1484, 1025, 627, 614, 3684, 5723, 7686, 3053, 4730, 4145, 4478, 8516, 10315, 7422, 4663, 3161, 2540, 1214, 1872, 1497, 1562, 1379, 1916, 1251, 2473, 842, 1430, 666, 3098, 2849, 3112, 7579, 20816, 13384, 3895, 1130, 751, 30, 659, 361, 225, 101, 210, 36, 260, 143, 306, 74, 276, 332, 337, 363, 540, 366, 841, 356, 946, 851]"
42.3685224352,-71.1133869928,"[1802, 1236, 1286, 1357, 3005, 6405, 7068, 9703, 9917, 6288, 11845, 8793, 5667, 3682, 3004, 1381, 1460, 865, 829, 117, 532, 563, 612, 511, 663, 580, 1377, 936, 957, 216, 1738, 2357, 2865, 7110, 17095, 17870, 7536, 3061, 1490, 26, 1191, 613, 285, 102, 320, 18, 375, 61, 196, 10, 110, 158, 140, 96, 230, 356, 534, 423, 611, 366]"
42.3609839,-71.0992599,"[10195, 2550, 2572, 4394, 8366, 10536, 11050, 4647, 5614, 155, 6570, 3967, 2032, 1444, 2550, 1399, 4738, 2446, 2880, 426, 2232, 2480, 2233, 1735, 2764, 4996, 2860, 4695, 2659, 879, 4184, 4986, 4236, 6005, 6655, 1581, 4457, 580, 1318, 5, 2492, 604, 203, 153, 259, 29, 485, 71, 176, 2, 144, 200, 134, 175, 827, 2568, 388, 630, 268, 121]"
42.3610465987,-71.0993675443,"[5904, 773, 782, 1161, 2129, 1793, 4345, 1828, 6275, 389, 4349, 4734, 3098, 1857, 1614, 638, 2089, 687, 849, 200, 665, 786, 1225, 1136, 1483, 3690, 3014, 4377, 3202, 1171, 5891, 8128, 7901, 8790, 16777, 11893, 13032, 4546, 3289, 107, 3970, 1106, 439, 238, 398, 35, 797, 148, 233, 26, 164, 188, 204, 241, 776, 2181, 649, 875, 537, 198]"
42.3611092975,-71.0994751887,"[3445, 1909, 1248, 1414, 1559, 1798, 1755, 1855, 2722, 2769, 8938, 15471, 14540, 9256, 5833, 2897, 2102, 1159, 760, 252, 565, 544, 471, 617, 619, 510, 1633, 794, 1534, 598, 2036, 1269, 984, 1304, 3629, 15195, 16624, 10130, 2768, 225, 1514, 1715, 687, 415, 1091, 135, 650, 361, 478, 43, 133, 434, 300, 380, 736, 447, 1332, 682, 2745, 1991]"
42.3611719962,-71.0995828332,"[2647, 1934, 1899, 1544, 2090, 1436, 2828, 1753, 2570, 1059, 3779, 5284, 8615, 7157, 7865, 5678, 6251, 3575, 2502, 880, 1205, 1018, 1598, 1093, 1388, 1604, 2016, 1387, 2143, 783, 2904, 2374, 1876, 2377, 4867, 21040, 17198, 7244, 2203, 174, 2293, 1413, 361, 295, 606, 24, 813, 133, 330, 19, 174, 543, 316, 380, 703, 716, 1178, 871, 726, 268]"
42.3612346949,-71.0996904779,"[2275, 1866, 1907, 2055, 2895, 1372, 2274, 1964, 2535, 693, 3774, 4962, 7735, 8210, 8147, 5097, 5719, 4009, 2551, 681, 1054, 702, 1345, 1086, 1153, 1434, 1789, 699, 1052, 307, 2195, 2200, 3118, 5479, 8014, 22613, 14198, 7477, 3581, 168, 2362, 1155, 338, 244, 417, 30, 492, 190, 362, 2, 137, 275, 171, 203, 399, 393, 870, 414, 784, 377]"
42.3612973936,-71.0997981226,"[5857, 4505, 5711, 8382, 8957, 5416, 3235, 1889, 2042, 230, 1884, 1432, 1129, 552, 1157, 449, 1367, 381, 583, 38, 308, 362, 639, 495, 621, 1177, 1876, 1406, 1101, 392, 3260, 4732, 6314, 11911, 29809, 15503, 6516, 2969, 2226, 5, 1661, 1063, 332, 260, 475, 28, 647, 225, 349, 27, 203, 371, 280, 370, 763, 665, 1507, 793, 1748, 1415]"
42.3613600924,-71.0999057674,"[4816, 3481, 2710, 5053, 3943, 3123, 2024, 1297, 2028, 462, 3316, 5545, 7891, 6694, 9747, 3600, 4961, 3727, 3248, 629, 1305, 982, 2090, 819, 1013, 952, 815, 634, 594, 276, 2359, 3411, 3177, 7770, 24886, 10269, 4565, 1415, 1308, 15, 1808, 1536, 470, 251, 595, 25, 715, 200, 344, 5, 191, 288, 240, 252, 621, 738, 1021, 678, 1806, 1266]"
42.3614227911,-71.1000134124,"[3712, 3702, 1448, 1393, 1248, 1233, 955, 961, 1017, 458, 1606, 2557, 3377, 4800, 7058, 8926, 9033, 5952, 3631, 1734, 2102, 1526, 1637, 1403, 1694, 973, 1336, 725, 999, 464, 1535, 1604, 2035, 7122, 15140, 24708, 8188, 3330, 2344, 57, 2649, 3042, 836, 454, 820, 362, 773, 544, 597, 86, 248, 445, 437, 411, 584, 233, 1371, 284, 1309, 792]"
42.3614854898,-71.1001210575,"[7298, 6723, 9467, 13555, 11489, 5022, 4307, 2481, 6773, 278, 4644, 3418, 2415, 949, 1370, 615, 1720, 1154, 842, 437, 854, 732, 677, 527, 1218, 1564, 1555, 2245, 885, 250, 1329, 1356, 2170, 4857, 10669, 12152, 10186, 4937, 2634, 2, 1786, 988, 284, 350, 528, 38, 586, 180, 304, 25, 132, 291, 259, 426, 965, 948, 2153, 823, 2129, 1049]"
42.3615481885,-71.1002287026,"[1744, 3064, 13355, 12203, 8960, 5939, 4300, 3698, 7706, 441, 6154, 6789, 4005, 1587, 2811, 1805, 3214, 1995, 1738, 158, 1308, 1083, 971, 1027, 1254, 1460, 3206, 2059, 3162, 983, 3591, 4900, 3847, 6952, 9310, 8952, 5465, 3100, 1847, 0, 1143, 643, 152, 54, 126, 0, 243, 26, 55, 0, 37, 66, 29, 52, 129, 307, 275, 217, 220, 83]"
42.3615522,-71.1002356,"[1692, 3136, 12392, 12801, 9169, 6026, 4296, 3691, 7509, 483, 5780, 7052, 4083, 1965, 2951, 1767, 3466, 1831, 1587, 200, 1398, 974, 825, 839, 1213, 1345, 3188, 1766, 3191, 795, 4079, 4620, 3657, 7621, 9308, 9323, 5332, 2908, 1807, 0, 1324, 641, 124, 63, 113, 1, 180, 19, 53, 0, 13, 66, 35, 63, 133, 258, 275, 217, 253, 103]"
42.3616108873,-71.1003363479,"[3357, 6797, 17280, 23144, 13541, 10795, 5544, 4184, 4314, 673, 4652, 5426, 5671, 4546, 4259, 2084, 2919, 1522, 1358, 249, 640, 483, 822, 765, 987, 892, 1792, 967, 1067, 246, 1476, 1173, 1348, 1018, 2300, 1580, 2914, 1483, 1716, 10, 3305, 1909, 745, 334, 882, 80, 1525, 252, 342, 34, 200, 370, 381, 242, 446, 854, 594, 1012, 291, 208]"
42.3616147449,-71.100343409,"[3413, 6464, 17374, 23599, 13410, 10810, 5573, 4155, 3877, 752, 4722, 5384, 5353, 4655, 4559, 2174, 2861, 1573, 1367, 242, 642, 543, 812, 782, 851, 1020, 1524, 871, 925, 246, 1480, 1301, 1554, 1152, 2355, 1687, 2821, 1371, 1821, 3, 3338, 1991, 907, 356, 796, 28, 1119, 116, 396, 21, 226, 318, 419, 279, 482, 923, 621, 1120, 315, 151]"
42.3616772899,-71.1004512181,"[3312, 5759, 17388, 27178, 17637, 13548, 8729, 5995, 5677, 1838, 5521, 6727, 5918, 3496, 2039, 630, 1870, 810, 1111, 90, 511, 665, 644, 504, 658, 999, 1045, 964, 824, 158, 1126, 965, 1047, 778, 2063, 1128, 1924, 422, 754, 30, 900, 752, 463, 142, 484, 92, 503, 164, 316, 33, 133, 375, 280, 168, 580, 801, 371, 485, 262, 214]"
42.3617398348,-71.1005590273,"[7089, 10639, 24896, 29430, 19545, 14212, 8061, 6333, 6463, 3557, 4977, 4174, 2414, 1823, 1321, 1005, 995, 698, 745, 142, 523, 429, 268, 230, 283, 323, 399, 363, 130, 41, 284, 288, 303, 256, 340, 181, 509, 251, 376, 43, 557, 235, 190, 64, 271, 63, 372, 196, 197, 121, 165, 184, 157, 140, 273, 268, 459, 250, 911, 588]"
42.3618023798,-71.1006668367,"[3730, 2445, 10344, 19385, 9857, 4840, 5746, 5347, 9453, 7838, 11923, 9321, 7597, 4090, 2254, 699, 1591, 407, 381, 47, 203, 294, 236, 202, 627, 1074, 644, 823, 305, 66, 636, 1040, 1179, 1296, 3450, 3275, 5646, 2510, 3477, 50, 4332, 2441, 805, 166, 439, 19, 727, 92, 269, 8, 181, 568, 281, 596, 539, 1078, 1140, 674, 776, 541]"
42.3618649247,-71.1007746461,"[1220, 2561, 6926, 9907, 10537, 9693, 7786, 6597, 14300, 2416, 14097, 8224, 5003, 2424, 2910, 1407, 1388, 425, 417, 25, 210, 396, 401, 241, 288, 624, 721, 843, 409, 120, 1269, 2647, 2709, 3825, 9768, 9595, 8934, 2857, 2105, 9, 822, 467, 163, 82, 152, 15, 293, 64, 77, 28, 53, 92, 74, 64, 102, 285, 219, 228, 345, 141]"
42.3618717505,-71.1007864153,"[4024, 2301, 4605, 15117, 15614, 10077, 5552, 4215, 5354, 979, 6240, 5628, 4758, 4654, 4994, 2337, 2288, 1132, 2573, 192, 1481, 2031, 2390, 910, 1728, 3434, 2690, 3433, 1067, 353, 1787, 1916, 1710, 2195, 17309, 5025, 3116, 344, 696, 44, 977, 209, 138, 34, 86, 7, 181, 7, 32, 0, 24, 38, 37, 31, 185, 1009, 176, 271, 168, 97]"
42.3619103866,-71.1008534326,"[6730, 4870, 4190, 2623, 2413, 1776, 2052, 1128, 1667, 460, 3998, 2631, 2775, 3519, 5218, 5673, 6640, 3755, 2921, 1074, 1296, 1284, 1658, 822, 1556, 2464, 2557, 2053, 2919, 652, 5548, 7009, 12043, 11710, 11868, 11904, 5888, 1974, 1284, 0, 1043, 745, 226, 136, 256, 41, 411, 105, 200, 33, 110, 218, 146, 146, 328, 528, 722, 543, 866, 595]"
42.3619274697,-71.1008824556,"[3321, 4455, 2659, 1301, 989, 1007, 1304, 1015, 1281, 796, 2922, 3866, 7975, 7505, 6386, 4139, 4470, 3737, 1994, 1525, 1477, 919, 959, 738, 1150, 2670, 2163, 1544, 3224, 542, 3170, 5285, 7197, 10844, 18563, 16495, 9565, 3016, 1875, 14, 1019, 537, 305, 102, 205, 16, 236, 69, 102, 2, 42, 155, 106, 92, 232, 438, 416, 299, 866, 704]"
42.3619346,-71.1008939,"[7046, 4664, 4033, 2777, 2233, 1662, 1984, 1175, 1622, 483, 3669, 3090, 3027, 3436, 4983, 5482, 6210, 3964, 2980, 1037, 1509, 1489, 1554, 948, 1571, 2156, 2530, 1690, 2299, 573, 5331, 7478, 12434, 11097, 11796, 12069, 6584, 2316, 1369, 0, 1135, 677, 226, 160, 242, 21, 418, 72, 133, 15, 83, 229, 128, 127, 306, 543, 908, 497, 1058, 672]"
42.3619741244,-71.100959955,"[2977, 3550, 2563, 1827, 1997, 1769, 1272, 1095, 1342, 539, 1736, 3044, 4906, 4733, 4869, 4644, 4648, 3700, 2838, 1218, 1636, 1193, 1038, 1090, 1276, 860, 2426, 1088, 2264, 1172, 5303, 6309, 6413, 19465, 22602, 14685, 5259, 1684, 1425, 56, 1139, 1144, 398, 253, 490, 66, 362, 207, 203, 35, 109, 229, 177, 172, 279, 296, 483, 300, 520, 627]"
42.3620378622,-71.1010664774,"[3694, 3547, 1152, 677, 726, 943, 701, 625, 947, 597, 1576, 2602, 2286, 2054, 2852, 3123, 3378, 3583, 3303, 1706, 1885, 1223, 1014, 1207, 1424, 1213, 2720, 1710, 3709, 1913, 5798, 7873, 8921, 10216, 24198, 20512, 10811, 3902, 1957, 80, 1665, 736, 265, 185, 250, 27, 235, 145, 162, 32, 105, 153, 150, 184, 212, 202, 474, 275, 802, 1383]"
42.3620732048,-71.1011208676,"[3877, 3166, 1350, 755, 940, 952, 922, 707, 986, 689, 1593, 2636, 2935, 2294, 2893, 3119, 3430, 3175, 2634, 1530, 1970, 1258, 999, 927, 1529, 1092, 2608, 1972, 2797, 2011, 5590, 7946, 8386, 10841, 23701, 22726, 9976, 3239, 1748, 62, 1697, 757, 240, 135, 197, 47, 253, 131, 165, 45, 147, 251, 165, 197, 249, 319, 611, 408, 821, 1204]"
42.3621004578,-71.101177147,"[1526, 1296, 1253, 1901, 4349, 2885, 2009, 1586, 2250, 1397, 2481, 2348, 1692, 1842, 1734, 1107, 2012, 1586, 2068, 918, 1379, 1329, 1433, 1430, 1519, 676, 2513, 1079, 1744, 1017, 4459, 8002, 12535, 30987, 29984, 12120, 4463, 1380, 609, 1, 415, 182, 79, 23, 77, 9, 146, 27, 35, 5, 37, 41, 46, 79, 120, 165, 350, 213, 559, 493]"
42.3621016,-71.101173,"[1654, 1373, 1085, 1675, 4495, 3139, 2063, 1568, 1982, 1461, 2438, 2505, 1989, 1457, 1698, 1128, 1769, 1680, 2247, 1003, 1301, 1256, 1296, 1336, 1623, 720, 2698, 1229, 1959, 1058, 3975, 7768, 12823, 31192, 29365, 13015, 3633, 1638, 667, 6, 361, 259, 96, 34, 76, 5, 124, 13, 40, 0, 23, 57, 44, 54, 110, 128, 320, 179, 604, 506]"
42.3621333,-71.1012312,"[1570, 1096, 1003, 1510, 4706, 3833, 2074, 1545, 1976, 1404, 2096, 2690, 1847, 1529, 1786, 1044, 1589, 1719, 2043, 660, 1396, 1318, 1335, 1368, 1995, 889, 2513, 1152, 1921, 1053, 4839, 7799, 13231, 29310, 32746, 10775, 3300, 1659, 562, 2, 366, 236, 60, 30, 70, 0, 92, 20, 55, 6, 41, 62, 58, 84, 142, 162, 279, 209, 672, 473]"
42.3621647863,-71.1012830174,"[1606, 3925, 12172, 19638, 6377, 3471, 1924, 2045, 2520, 1257, 3531, 4013, 2210, 1564, 1840, 1181, 1912, 1691, 1508, 726, 1388, 1058, 1133, 1220, 1463, 481, 3144, 622, 2481, 934, 4289, 6570, 4392, 13219, 18172, 11244, 4500, 3174, 1413, 149, 695, 527, 167, 123, 223, 18, 176, 30, 143, 8, 67, 82, 75, 77, 129, 132, 316, 148, 384, 323]"
42.3622291147,-71.1013888879,"[1417, 3721, 16464, 25479, 9775, 6279, 3009, 3263, 3802, 2024, 5495, 5913, 3022, 2052, 2896, 1597, 2066, 1727, 1462, 331, 851, 678, 749, 607, 811, 460, 1378, 715, 953, 336, 2452, 3820, 5599, 14033, 11931, 6025, 2672, 1096, 508, 13, 448, 334, 121, 28, 91, 8, 181, 12, 33, 2, 17, 62, 57, 28, 169, 350, 163, 177, 144, 94]"
42.3622934431,-71.1014947585,"[511, 1134, 8271, 15837, 7602, 6008, 4292, 4803, 4903, 1533, 6084, 8026, 8710, 10115, 10796, 5791, 5790, 2988, 2316, 924, 1018, 1167, 905, 711, 783, 700, 1520, 1072, 1590, 697, 5237, 6412, 6210, 10133, 2852, 845, 870, 168, 128, 0, 157, 27, 17, 7, 10, 5, 20, 2, 4, 0, 0, 2, 3, 1, 44, 118, 18, 82, 19, 12]"
42.3623577716,-71.1016006292,"[511, 1134, 8271, 15837, 7602, 6008, 4292, 4803, 4903, 1533, 6084, 8026, 8710, 10115, 10796, 5791, 5790, 2988, 2316, 924, 1018, 1167, 905, 711, 783, 700, 1520, 1072, 1590, 697, 5237, 6412, 6210, 10133, 2852, 845, 870, 168, 128, 0, 157, 27, 17, 7, 10, 5, 20, 2, 4, 0, 0, 2, 3, 1, 44, 118, 18, 82, 19, 12]"
42.3624126549,-71.1016909526,"[473, 1069, 8418, 15714, 7651, 6104, 4332, 4737, 4862, 1577, 6083, 7976, 8454, 10336, 11005, 5685, 5829, 3060, 2348, 944, 961, 1203, 861, 733, 769, 597, 1442, 1118, 1537, 685, 5253, 6086, 6295, 10066, 3019, 926, 927, 158, 148, 0, 148, 32, 25, 10, 12, 4, 23, 4, 1, 0, 0, 5, 5, 4, 49, 113, 22, 54, 29, 19]"
42.3624221,-71.1017065,"[511, 1134, 8271, 15837, 7602, 6008, 4292, 4803, 4903, 1533, 6084, 8026, 8710, 10115, 10796, 5791, 5790, 2988, 2316, 924, 1018, 1167, 905, 711, 783, 700, 1520, 1072, 1590, 697, 5237, 6412, 6210, 10133, 2852, 845, 870, 168, 128, 0, 157, 27, 17, 7, 10, 5, 20, 2, 4, 0, 0, 2, 3, 1, 44, 118, 18, 82, 19, 12]"
42.3624769899,-71.1017968162,"[4737, 6490, 8236, 4845, 3621, 3081, 2757, 2463, 3260, 1218, 4286, 5055, 5664, 5756, 5949, 3658, 4140, 3432, 4267, 748, 1848, 1156, 1681, 744, 820, 738, 1391, 870, 743, 198, 1551, 1467, 1684, 1911, 13840, 20172, 7036, 3119, 3230, 395, 2481, 1404, 644, 223, 600, 138, 663, 250, 325, 60, 94, 201, 209, 147, 355, 555, 744, 609, 1068, 973]"
42.3625413249,-71.1019026799,"[4737, 6490, 8236, 4845, 3621, 3081, 2757, 2463, 3260, 1218, 4286, 5055, 5664, 5756, 5949, 3658, 4140, 3432, 4267, 748, 1848, 1156, 1681, 744, 820, 738, 1391, 870, 743, 198, 1551, 1467, 1684, 1911, 13840, 20172, 7036, 3119, 3230, 395, 2481, 1404, 644, 223, 600, 138, 663, 250, 325, 60, 94, 201, 209, 147, 355, 555, 744, 609, 1068, 973]"
42.3626056599,-71.1020085437,"[4587, 6714, 9702, 8606, 4813, 4731, 4157, 3398, 4135, 1783, 5932, 7272, 7647, 6587, 6093, 4005, 3936, 2440, 1541, 440, 525, 366, 386, 248, 405, 245, 367, 206, 182, 57, 343, 391, 404, 400, 3906, 10274, 11164, 9551, 6542, 1794, 3126, 1988, 373, 218, 575, 24, 748, 157, 397, 9, 161, 331, 201, 400, 457, 445, 1181, 925, 1272, 737]"
42.3626699949,-71.1021144076,"[4135, 4282, 6885, 5780, 3247, 1771, 1708, 1142, 2051, 533, 4610, 9753, 9299, 8192, 9202, 5089, 4569, 2967, 3628, 632, 1064, 471, 942, 345, 349, 466, 984, 530, 721, 321, 827, 461, 443, 759, 1041, 3378, 6471, 10850, 13624, 1734, 8010, 3715, 662, 910, 1405, 64, 815, 753, 916, 22, 522, 587, 339, 596, 633, 291, 2073, 552, 1219, 660]"
42.36273433,-71.1022202716,"[1714, 1466, 1215, 1463, 1809, 1322, 1517, 1199, 1685, 966, 4869, 12725, 13624, 6998, 6438, 5386, 5465, 3813, 4230, 645, 1395, 625, 1095, 690, 543, 562, 878, 685, 794, 357, 947, 665, 570, 596, 1692, 12406, 16644, 10889, 6666, 830, 5152, 3491, 579, 813, 1578, 143, 1223, 505, 827, 42, 424, 860, 410, 716, 601, 625, 2272, 843, 518, 300]"
42.362798665,-71.1023261358,"[2904, 1640, 1824, 2745, 4320, 6077, 5769, 5072, 6482, 4727, 13256, 22465, 18608, 8512, 3682, 1332, 1169, 458, 359, 75, 218, 180, 179, 168, 600, 975, 501, 477, 478, 84, 1146, 2465, 2238, 1601, 5665, 7317, 11273, 1644, 1486, 3, 3108, 856, 214, 138, 248, 2, 745, 53, 94, 9, 59, 234, 116, 207, 667, 1337, 740, 476, 406, 117]"
42.3628182297,-71.10235778,"[2597, 1500, 1980, 2623, 5079, 5681, 5582, 4987, 6083, 5053, 12973, 22047, 19562, 8534, 3541, 1500, 1161, 312, 265, 65, 166, 176, 167, 206, 553, 868, 555, 450, 416, 91, 831, 2884, 2146, 1770, 5441, 7257, 9994, 2718, 2068, 3, 2967, 902, 244, 160, 229, 5, 735, 76, 149, 1, 74, 251, 150, 218, 703, 1316, 841, 543, 433, 118]"
42.362863,-71.102432,"[2781, 751, 1090, 1717, 2665, 2270, 4993, 4582, 11535, 6394, 17775, 14981, 6597, 5568, 5923, 1662, 4964, 1070, 2105, 202, 822, 2146, 1800, 1159, 1514, 2903, 3522, 3794, 1572, 395, 2383, 2867, 2773, 4148, 12158, 7080, 3553, 709, 1377, 7, 748, 313, 132, 27, 73, 2, 246, 13, 47, 1, 10, 44, 52, 20, 180, 1223, 98, 347, 57, 60]"
42.3628822889,-71.1024639501,"[2973, 843, 1352, 1731, 2256, 2003, 4568, 4622, 11836, 6076, 18037, 15411, 6461, 5644, 6449, 1649, 5002, 920, 1832, 240, 850, 2019, 1718, 1441, 1697, 3185, 3122, 2881, 1781, 397, 2553, 3022, 2774, 4306, 12069, 6904, 2985, 668, 1095, 0, 1471, 450, 133, 24, 85, 5, 238, 17, 37, 0, 11, 46, 48, 29, 179, 1152, 158, 383, 121, 41]"
42.3629463482,-71.1025701204,"[3278, 2786, 4360, 2089, 4728, 2891, 5172, 2033, 7827, 389, 5724, 10395, 8117, 5909, 6168, 3508, 5385, 2656, 2937, 557, 1448, 2370, 2124, 2020, 2706, 1618, 4387, 3067, 4247, 1078, 6182, 5141, 8547, 5681, 10638, 6659, 1906, 343, 355, 0, 550, 89, 56, 10, 45, 2, 78, 9, 9, 0, 5, 16, 15, 17, 93, 505, 160, 249, 320, 346]"
42.3630104074,-71.1026762907,"[5843, 4055, 3833, 3563, 8097, 2419, 10473, 3489, 14194, 160, 6704, 4390, 1967, 1273, 2011, 340, 2793, 1391, 2236, 103, 1229, 2151, 2151, 3401, 4379, 3494, 7644, 2382, 10782, 2459, 11621, 8735, 5783, 2795, 1279, 314, 1653, 58, 307, 0, 1212, 132, 99, 35, 85, 0, 904, 3, 16, 0, 3, 86, 111, 43, 463, 2980, 184, 1074, 313, 306]"
42.3630744667,-71.1027824611,"[3836, 3988, 7788, 6588, 6966, 6834, 8099, 5888, 7465, 681, 7876, 7592, 3443, 2970, 3578, 1079, 3247, 2455, 4465, 200, 2359, 1928, 1943, 2443, 2381, 1125, 5414, 1568, 4740, 1528, 7154, 5033, 7704, 5191, 7784, 1554, 909, 182, 252, 1, 404, 124, 43, 23, 51, 1, 217, 7, 48, 0, 35, 70, 46, 39, 140, 473, 271, 324, 767, 686]"
42.3631385259,-71.1028886317,"[9108, 8302, 7503, 6377, 5137, 5766, 5292, 4196, 4428, 1391, 6341, 9533, 5164, 5263, 5919, 1888, 2578, 1725, 2198, 347, 1591, 1800, 1834, 1450, 2177, 1680, 3253, 1466, 2730, 769, 3485, 2525, 2315, 5849, 14155, 4615, 2489, 853, 442, 19, 504, 198, 74, 35, 78, 12, 184, 25, 51, 11, 58, 70, 71, 86, 205, 507, 467, 438, 1104, 1869]"
42.3632025852,-71.1029948024,"[5159, 7703, 7496, 4171, 3231, 2712, 3108, 2712, 3938, 1085, 4318, 5750, 3778, 5812, 7833, 5314, 3536, 3138, 3324, 430, 1500, 1519, 1621, 1087, 1932, 1832, 5871, 3799, 5380, 1150, 4373, 3997, 4154, 7200, 20521, 2717, 1123, 244, 473, 3, 306, 184, 50, 47, 100, 6, 206, 30, 61, 7, 41, 86, 68, 99, 175, 400, 384, 203, 545, 1958]"
42.3632666445,-71.1031009731,"[7338, 6724, 7469, 3223, 2803, 3606, 3794, 4463, 5493, 1118, 5205, 6578, 2989, 4475, 4859, 2510, 3114, 2159, 2370, 369, 1436, 2342, 2122, 1592, 1500, 960, 6244, 3236, 3395, 979, 5058, 3918, 3728, 9255, 17699, 5628, 1495, 508, 505, 6, 233, 123, 47, 25, 66, 3, 73, 17, 32, 7, 24, 35, 32, 71, 70, 153, 201, 196, 927, 5400]"
42.3633307037,-71.103207144,"[3549, 4323, 5072, 2847, 3431, 4371, 6730, 8400, 8920, 755, 8369, 8070, 3062, 2663, 3096, 1406, 2531, 1056, 1674, 302, 845, 1048, 1076, 915, 1014, 1888, 2029, 2114, 1249, 446, 2837, 3083, 4420, 6780, 20284, 12053, 6318, 1785, 1307, 18, 1150, 270, 148, 54, 130, 3, 362, 25, 35, 12, 24, 85, 137, 58, 175, 509, 506, 558, 1045, 2578]"
42.363394763,-71.103313315,"[9214, 3313, 2805, 4209, 6966, 8829, 11080, 7704, 10476, 1969, 11724, 9012, 4954, 2098, 2584, 1080, 2886, 1324, 1284, 150, 657, 863, 860, 641, 1059, 3500, 1213, 1340, 748, 329, 1515, 1727, 2073, 2848, 9758, 9712, 4429, 1081, 1285, 5, 2457, 979, 474, 96, 234, 4, 946, 32, 160, 1, 82, 180, 193, 121, 448, 1755, 502, 1106, 556, 370]"
42.3634588222,-71.1034194861,"[4721, 3885, 3206, 3803, 5753, 3998, 4695, 3462, 5414, 4123, 8242, 8116, 4672, 2695, 1595, 585, 1297, 591, 571, 156, 317, 453, 436, 423, 502, 913, 1027, 649, 679, 259, 1443, 1381, 1884, 4125, 16548, 23520, 14278, 5493, 2384, 112, 1559, 871, 322, 200, 346, 39, 397, 116, 182, 12, 115, 152, 142, 154, 276, 877, 652, 904, 2284, 1994]"
42.3635228815,-71.1035256573,"[3879, 5898, 4434, 1824, 2057, 2077, 2658, 3230, 7050, 1783, 5913, 5375, 4381, 2833, 4310, 2211, 2799, 2362, 2006, 1174, 2388, 1475, 1830, 2393, 1817, 2280, 2357, 755, 1128, 220, 2149, 2255, 2464, 4998, 16377, 20477, 10756, 6079, 3543, 77, 1409, 433, 186, 100, 177, 8, 212, 80, 113, 6, 115, 106, 107, 119, 172, 297, 298, 287, 682, 1021]"
42.3635869407,-71.1036318286,"[2443, 5876, 5145, 2676, 4138, 5163, 4769, 4453, 9229, 2767, 12978, 10596, 4733, 2500, 4380, 2055, 5169, 2609, 3463, 910, 3334, 2747, 2996, 2832, 3870, 2495, 3029, 1811, 2333, 737, 3152, 2657, 2254, 3141, 11124, 8279, 2432, 1240, 598, 5, 780, 213, 78, 29, 69, 7, 110, 15, 40, 8, 21, 51, 50, 49, 197, 286, 141, 227, 267, 244]"
42.363622113,-71.1036913027,"[2423, 5985, 4927, 2700, 3540, 5266, 6205, 4292, 9913, 3052, 13025, 8929, 4710, 2514, 3642, 2179, 5735, 2873, 3081, 1072, 3690, 2609, 3020, 2490, 4188, 2601, 3378, 1719, 2423, 581, 2912, 2874, 2215, 3225, 10569, 8584, 2853, 885, 482, 13, 565, 215, 58, 33, 42, 3, 128, 16, 50, 8, 37, 54, 46, 49, 114, 225, 163, 211, 262, 347]"
42.363651,-71.103738,"[736, 740, 1009, 1925, 3294, 6922, 8875, 10597, 8932, 1372, 9546, 9242, 4333, 2562, 3355, 1682, 3457, 1789, 1924, 377, 1225, 1897, 1120, 742, 2100, 4866, 2268, 5907, 4171, 860, 6662, 9095, 7761, 5001, 11041, 7122, 3329, 476, 535, 0, 253, 57, 45, 14, 18, 2, 44, 5, 9, 0, 5, 10, 6, 12, 30, 94, 33, 48, 243, 225]"
42.3636871304,-71.1037964019,"[2681, 705, 869, 1305, 4619, 13766, 19279, 14386, 11892, 325, 7929, 5457, 2196, 1674, 1777, 363, 1599, 381, 707, 59, 447, 573, 476, 367, 589, 1889, 1020, 1303, 781, 167, 1625, 3220, 6322, 5091, 13602, 18387, 6266, 1906, 1170, 2, 856, 319, 145, 26, 50, 5, 134, 16, 34, 4, 21, 28, 20, 14, 98, 462, 109, 278, 116, 93]"
42.3637521478,-71.1039015013,"[505, 302, 462, 772, 3025, 11838, 23606, 22807, 14616, 627, 11299, 8124, 1713, 1377, 1842, 341, 1122, 416, 775, 51, 191, 331, 335, 317, 426, 800, 653, 983, 507, 106, 1108, 2902, 3758, 16063, 11758, 9407, 2480, 872, 482, 0, 223, 53, 31, 9, 13, 0, 75, 0, 1, 0, 2, 15, 11, 8, 34, 156, 25, 66, 101, 78]"
42.3638171652,-71.1040066007,"[1291, 152, 493, 1003, 4669, 10088, 12329, 9424, 10602, 674, 8840, 8064, 6516, 6866, 8217, 4265, 5040, 2196, 1397, 463, 684, 699, 721, 414, 590, 1462, 1225, 2563, 699, 130, 4171, 3011, 3766, 4777, 19180, 8014, 2984, 489, 458, 0, 386, 149, 53, 16, 35, 1, 118, 4, 16, 1, 4, 24, 7, 8, 80, 229, 60, 138, 42, 3]"
42.3638821826,-71.1041117003,"[776, 190, 296, 929, 3165, 4964, 4877, 5408, 5643, 1699, 9325, 14818, 20984, 11634, 6151, 2404, 4105, 769, 941, 165, 525, 1142, 1230, 753, 1033, 1558, 1775, 2382, 3768, 488, 3244, 5078, 5982, 7698, 10021, 7966, 3095, 918, 572, 7, 316, 145, 61, 31, 67, 3, 124, 31, 21, 4, 10, 23, 27, 27, 57, 182, 81, 94, 162, 56]"
42.3639269237,-71.1041840072,"[1953, 1097, 1358, 2261, 3381, 2580, 2953, 2473, 4276, 2088, 8234, 12885, 6831, 4863, 4744, 1817, 2703, 900, 1543, 205, 918, 1256, 955, 1081, 977, 1911, 2681, 2825, 2889, 686, 5377, 7160, 7466, 12532, 15660, 12737, 4745, 1820, 1099, 9, 885, 383, 155, 42, 104, 20, 275, 29, 53, 8, 62, 132, 166, 210, 423, 840, 720, 565, 766, 233]"
42.3639472,-71.1042168,"[1759, 1122, 1567, 2091, 3291, 2659, 2918, 2397, 4298, 1996, 8313, 12724, 6686, 5100, 4778, 1833, 2733, 910, 1539, 194, 898, 1280, 987, 1162, 947, 2040, 2882, 2819, 2854, 676, 5413, 7169, 7297, 12389, 15646, 12803, 4742, 1857, 1168, 7, 818, 399, 154, 49, 120, 19, 268, 30, 61, 7, 52, 155, 147, 204, 381, 789, 785, 591, 780, 247]"
42.3639919322,-71.1042891171,"[3133, 1125, 1257, 2150, 3584, 5903, 7594, 8366, 9563, 1964, 9481, 8832, 3507, 2436, 2364, 667, 2108, 1348, 1466, 86, 220, 506, 694, 206, 430, 1210, 776, 1318, 403, 87, 1217, 1401, 2594, 5915, 25294, 21665, 8341, 2930, 1700, 77, 1434, 644, 402, 76, 209, 25, 298, 52, 100, 5, 117, 87, 119, 115, 180, 688, 466, 289, 482, 294]"
42.3640569407,-71.1043942271,"[741, 241, 590, 2988, 5230, 16812, 11099, 17097, 12033, 735, 11657, 7592, 2586, 2087, 3134, 546, 2591, 808, 2558, 58, 514, 1700, 1573, 457, 368, 753, 1120, 2451, 1736, 314, 2409, 3047, 4722, 10129, 9715, 13207, 2764, 809, 285, 7, 295, 24, 25, 6, 14, 0, 107, 0, 3, 0, 0, 20, 4, 3, 37, 124, 21, 40, 14, 0]"
42.3641219492,-71.1044993372,"[1013, 306, 663, 1305, 2184, 4395, 5528, 10887, 12870, 261, 14361, 10443, 6254, 4964, 4942, 922, 2728, 1106, 3720, 129, 688, 654, 936, 611, 577, 1449, 1108, 1236, 747, 230, 2020, 3423, 4920, 9127, 17295, 15792, 4989, 1693, 1230, 15, 1199, 160, 131, 5, 49, 3, 121, 4, 11, 1, 10, 11, 37, 7, 42, 242, 58, 79, 67, 42]"
42.3641869576,-71.1046044474,"[932, 1027, 6650, 9049, 4170, 6519, 5918, 4991, 9401, 334, 11790, 11497, 4600, 7230, 6393, 1649, 2508, 1000, 1437, 101, 847, 1204, 1110, 809, 784, 942, 3098, 1588, 2121, 299, 2877, 4940, 4035, 11434, 9621, 11913, 2962, 370, 563, 0, 262, 75, 47, 22, 44, 1, 87, 9, 16, 0, 11, 25, 22, 12, 68, 117, 91, 114, 164, 100]"
42.3642519661,-71.1047095577,"[1804, 1803, 7242, 7132, 5233, 3575, 5007, 4405, 9344, 51, 10301, 8683, 3514, 2257, 5393, 1132, 4991, 1181, 2879, 209, 784, 2637, 2515, 1440, 1337, 2852, 4799, 6227, 2798, 364, 4936, 5705, 6174, 8001, 6650, 8826, 3583, 758, 837, 8, 637, 201, 78, 21, 61, 4, 214, 32, 37, 1, 14, 43, 56, 30, 104, 306, 215, 238, 207, 134]"
42.3643169746,-71.1048146681,"[2113, 3015, 12246, 9034, 3169, 1851, 1901, 1675, 3560, 211, 4093, 3966, 2623, 3583, 5954, 2802, 5590, 1950, 4068, 576, 1187, 2494, 2407, 1247, 1361, 2755, 2726, 4826, 1831, 621, 4293, 3998, 3988, 5332, 13969, 18251, 7865, 2466, 2110, 1, 775, 346, 108, 21, 55, 3, 119, 9, 21, 0, 8, 32, 28, 33, 51, 235, 91, 143, 119, 95]"
42.3643819831,-71.1049197786,"[1283, 679, 8880, 10874, 2909, 2159, 3487, 3595, 5699, 747, 6601, 6360, 4026, 4729, 6216, 5511, 5374, 2955, 2766, 421, 1223, 1552, 1089, 948, 991, 1137, 3933, 1599, 2552, 572, 2310, 2950, 4050, 8192, 14870, 12791, 7925, 2452, 1949, 0, 576, 253, 113, 23, 62, 0, 155, 8, 24, 0, 6, 22, 15, 5, 52, 167, 37, 76, 25, 25]"
