35506,34769,83860,1428,2964,407,1066,160000,42.373482,-71.091606
35179,36249,82670,983,3443,484,992,160000,42.3735149033,-71.0915988047
23421,78637,53587,884,2760,47,664,160000,42.3735817488,-71.0915822478
15409,78186,60786,831,1957,130,2701,160000,42.3736814975,-71.0915584955
20267,37958,92212,2600,3435,28,3500,160000,42.3737812463,-71.0915347432
43344,49101,58864,1792,5816,50,1033,160000,42.373880995,-71.0915109908
30823,50713,72333,890,3405,110,1726,160000,42.3739807438,-71.0914872384
23824,85956,40069,1862,5031,39,3219,160000,42.3740804925,-71.091463486
63468,45412,42740,388,7296,52,644,160000,42.3699509387,-71.0934962878
63468,45412,42740,388,7296,52,644,160000,42.3700064693,-71.093381644
61782,30193,58268,932,7331,29,1465,160000,42.3700224686,-71.0932948441
60155,35584,55166,1308,4792,36,2959,160000,42.370062,-71.093267
20272,75236,55755,1812,3955,10,2960,160000,42.3701123124,-71.0932315628
33594,60292,59589,969,4571,166,819,160000,42.3702021562,-71.0931682815
33463,58112,61494,1258,4701,119,853,160000,42.370258679,-71.0931211821
33594,60292,59589,969,4571,166,819,160000,42.370292,-71.093105
29037,50398,73674,2297,2151,293,2150,160000,42.3703540092,-71.0930748867
18997,67162,69494,498,2407,249,1193,160000,42.3704493395,-71.0930285912
33507,72499,50478,291,1844,547,834,160000,42.3705446697,-71.0929822956
28784,53881,71461,492,4497,481,404,160000,42.3706244736,-71.0929469822
31368,50369,71830,544,5045,421,423,160000,42.37064,-71.092936
36269,61611,53128,1130,6322,555,985,160000,42.3707142368,-71.0928834911
52381,44544,53219,3660,4257,222,1717,160000,42.370735682,-71.092859737
54000,47836,47876,4342,4110,244,1592,160000,42.370804,-71.09282
54426,33027,64792,1285,5249,28,1193,160000,42.370828735,-71.0928056144
51125,46184,51108,912,8717,25,1929,160000,42.370921788,-71.0927514917
51556,32524,65247,659,8735,31,1248,160000,42.371014841,-71.0926973689
48943,41636,61435,1404,4813,7,1762,160000,42.371107894,-71.092643246
22067,60707,68616,956,4585,23,3046,160000,42.371200947,-71.092589123
23554,60512,68319,852,4152,22,2589,160000,42.3712169716,-71.0925735147
67857,27097,58378,484,4923,30,1231,160000,42.371294,-71.092535
67284,25913,59506,499,5510,48,1240,160000,42.3713119772,-71.0925260119
37408,43586,70420,2010,5117,45,1414,160000,42.3714069829,-71.0924785091
41580,51796,59956,770,4174,64,1660,160000,42.3715019886,-71.0924310061
42975,49975,59915,908,3728,50,2449,160000,42.3715969943,-71.0923835031
66638,32445,48969,488,11066,55,339,160000,42.3716426598,-71.0923659961
54040,41283,55666,1788,5903,17,1303,160000,42.371692,-71.092336
52400,31304,70303,1433,3337,49,1174,160000,42.3717350499,-71.0923098303
62875,35668,53050,1282,5962,90,1073,160000,42.3718274399,-71.0922536644
54356,62780,31811,1217,7899,65,1872,160000,42.3719198299,-71.0921974984
49756,73143,26063,894,8216,54,1874,160000,42.3720122199,-71.0921413324
41913,53292,52805,1074,9533,60,1323,160000,42.37210461,-71.0920851662
31846,60174,57451,1804,5253,56,3416,160000,42.3721888898,-71.0920336445
33348,56360,58421,1948,6012,68,3843,160000,42.372197,-71.092029
50217,65062,36708,1568,4447,132,1866,160000,42.3722821673,-71.0919802335
49695,80172,20226,1309,7167,53,1378,160000,42.3723754449,-71.0919268224
54800,55382,37865,560,10353,10,1030,160000,42.3724687224,-71.0918734112
35616,29067,89482,699,3594,52,1490,160000,42.372562,-71.09182
53372,74413,24189,868,6182,21,955,160000,42.3726615302,-71.0917946241
77015,64470,10129,1463,5316,12,1595,160000,42.3727610605,-71.0917692482
70412,66043,19559,187,1319,11,2469,160000,42.3728605907,-71.0917438722
71590,69248,11373,235,1855,13,5686,160000,42.372915,-71.09173
63237,51285,40601,357,1973,41,2506,160000,42.372960121,-71.0917184963
65257,51225,38571,364,1757,148,2678,160000,42.3730149839,-71.0917081342
52917,80967,17683,865,5446,24,2098,160000,42.3731149678,-71.0916862684
82690,59076,11674,267,4413,31,1849,160000,42.3732149516,-71.0916644025
54831,95443,3849,713,4139,2,1023,160000,42.3733149355,-71.0916425366
64895,73944,15102,993,2544,15,2507,160000,42.3734149194,-71.0916206707
58938,64953,27631,4350,2758,105,1265,160000,42.373482,-71.091606
59667,63815,27512,4468,3336,106,1096,160000,42.3735149033,-71.0915988047
46196,51749,55949,1001,3813,134,1158,160000,42.3735817488,-71.0915822478
32110,53806,67918,731,2883,50,2502,160000,42.3736814975,-71.0915584955
65921,47827,32702,2168,7826,66,3490,160000,42.3737812463,-71.0915347432
70688,57714,22207,1219,3369,22,4781,160000,42.373880995,-71.0915109908
40642,58482,50678,1287,4117,47,4747,160000,42.3739807438,-71.0914872384
29111,65423,55023,1920,6411,218,1894,160000,42.3740804925,-71.091463486
159931,0,0,0,69,0,0,160000,42.3925180178,-71.1300823856
159931,0,0,0,69,0,0,160000,42.3925363452,-71.130217257
16483,54334,84566,2082,1701,329,505,160000,42.3925546726,-71.1303521285
13800,45230,93497,4746,2209,126,392,160000,42.392559,-71.130837
13800,45230,93497,4746,2209,126,392,160000,42.3925644775,-71.1307000652
11589,62217,81811,1280,2234,373,496,160000,42.392569955,-71.1305631305
16483,54334,84566,2082,1701,329,505,160000,42.392573,-71.130487
11589,62217,81811,1280,2234,373,496,160000,42.3925754326,-71.1304261957
53196,38257,62086,600,5131,232,498,160000,42.401812,-71.153432
56337,37717,59693,403,4214,142,1494,160000,42.401843,-71.15353
49803,42603,61221,717,4052,161,1443,160000,42.4018518808,-71.153558075
41906,56810,54603,319,4981,22,1359,160000,42.4019094316,-71.1536335297
39621,46797,68528,505,4046,174,329,160000,42.40192,-71.15365
63319,28707,64144,653,2583,172,422,160000,42.4019758632,-71.1537370595
63167,39976,50692,1414,4175,223,353,160000,42.401997,-71.153735
62447,35149,57586,1139,3043,295,341,160000,42.4019985031,-71.1537366593
67611,39181,48257,724,3270,595,362,160000,42.4020863475,-71.1537995886
69482,38412,47475,482,3246,561,342,160000,42.40208,-71.153795
71918,38437,43338,887,4859,94,467,160000,42.4021767297,-71.1538356513
73780,35310,45979,248,4432,93,158,160000,42.4022734594,-71.1538763027
73555,36006,45736,339,4082,97,185,160000,42.4023051,-71.1538896
73780,35310,45979,248,4432,93,158,160000,42.4023701891,-71.1539169541
73555,36006,45736,339,4082,97,185,160000,42.4024015616,-71.1539314033
100642,35912,18086,549,4478,12,321,160000,42.4024980233,-71.1539732067
112901,11100,32581,297,2448,464,209,160000,42.4025944849,-71.1540150101
83615,29806,42672,435,2919,87,466,160000,42.4026909465,-71.1540568136
81708,36136,38412,688,2398,42,616,160000,42.4027874081,-71.1540986172
91274,18536,46375,281,3165,60,309,160000,42.4028838698,-71.1541404208
85763,16032,53297,371,4210,25,302,160000,42.4029803314,-71.1541822245
159931,0,0,0,69,0,0,160000,42.3925180178,-71.1300823856
159931,0,0,0,69,0,0,160000,42.3925363452,-71.130217257
9386,62978,81674,3369,2207,223,163,160000,42.3925546726,-71.1303521285
23146,59276,72653,1797,2405,346,377,160000,42.392559,-71.130837
23146,59276,72653,1797,2405,346,377,160000,42.3925644775,-71.1307000652
13224,56114,83087,3514,3414,382,265,160000,42.392569955,-71.1305631305
9386,62978,81674,3369,2207,223,163,160000,42.392573,-71.130487
13224,56114,83087,3514,3414,382,265,160000,42.3925754326,-71.1304261957
29646,70674,51717,1302,4549,680,1432,160000,42.401812,-71.153432
19544,67673,66257,785,4609,369,763,160000,42.401843,-71.15353
17032,70198,66746,791,3852,489,892,160000,42.4018518808,-71.153558075
19301,88325,46898,533,3833,21,1089,160000,42.4019094316,-71.1536335297
38404,84828,30205,482,5340,81,660,160000,42.40192,-71.15365
66491,47159,39167,1611,4951,158,463,160000,42.4019758632,-71.1537370595
57326,50020,46260,1451,4320,105,518,160000,42.401997,-71.153735
65201,46398,41164,1252,5326,206,453,160000,42.4019985031,-71.1537366593
54946,41036,59242,640,3210,249,677,160000,42.4020863475,-71.1537995886
56196,43312,55076,1060,3452,183,721,160000,42.40208,-71.153795
35271,45442,75035,461,2437,91,1263,160000,42.4021767297,-71.1538356513
81587,20297,54013,497,3148,9,449,160000,42.4022734594,-71.1538763027
81662,20619,53550,366,3257,12,534,160000,42.4023051,-71.1538896
81587,20297,54013,497,3148,9,449,160000,42.4023701891,-71.1539169541
81662,20619,53550,366,3257,12,534,160000,42.4024015616,-71.1539314033
70993,32298,33791,10838,5004,302,6774,160000,42.4024980233,-71.1539732067
91869,12732,33084,14820,1867,1182,4446,160000,42.4025944849,-71.1540150101
71932,17577,54508,6869,2992,1456,4666,160000,42.4026909465,-71.1540568136
52644,26436,57650,10043,6242,982,6003,160000,42.4027874081,-71.1540986172
55988,51758,46866,655,3920,85,728,160000,42.4028838698,-71.1541404208
54632,39014,57578,1635,6047,190,904,160000,42.4029803314,-71.1541822245
76979,18876,57855,563,5237,14,476,160000,42.3918706732,-71.1479540492
80740,12610,60080,918,4305,197,1150,160000,42.3919424964,-71.1479330691
77544,12754,58933,1094,8794,55,826,160000,42.391954,-71.148032
75079,17561,56775,655,9234,91,605,160000,42.3919582482,-71.1480685345
75538,15126,56831,792,10835,49,829,160000,42.3919652796,-71.1480705996
70675,20138,59230,440,8684,173,660,160000,42.3919742097,-71.1482071997
70187,21065,59360,754,7899,163,572,160000,42.391974,-71.148204
73828,20845,59945,437,4013,139,793,160000,42.3919831398,-71.1483437998
68481,30152,55604,341,4712,27,683,160000,42.3919897839,-71.1485223979
68783,28767,56433,366,4991,21,639,160000,42.3919920699,-71.1484803999
69601,29838,56501,468,2761,27,804,160000,42.392001,-71.148617
69992,29784,56095,419,2847,13,850,160000,42.392005838,-71.1486577983
71824,28209,56185,460,2299,27,996,160000,42.392021892,-71.1487931989
65988,27933,60248,421,4417,14,979,160000,42.392037946,-71.1489285994
69511,25912,60326,607,2140,28,1476,160000,42.3920522522,-71.1490463113
69681,26460,59790,533,2311,33,1192,160000,42.392054,-71.149064
70286,21106,60557,569,5764,29,1689,160000,42.3920656892,-71.1491822335
74449,11334,63785,364,8981,12,1075,160000,42.3920791261,-71.1493181556
61517,19349,64721,335,12156,42,1880,160000,42.3920925164,-71.1494778297
64297,17211,65629,346,11143,19,1355,160000,42.3920925631,-71.1494540778
71271,21760,55499,464,9806,39,1161,160000,42.392106,-71.14959
72420,21326,55125,388,9764,36,941,160000,42.3921087924,-71.1496131818
78973,22370,50278,290,7044,12,1033,160000,42.3921250683,-71.149748534
87820,14978,47945,486,8128,44,599,160000,42.3921413443,-71.1498838861
97036,14987,39175,472,7865,25,440,160000,42.3921576202,-71.1500192384
93536,11666,45876,547,7980,19,376,160000,42.3921738962,-71.1501545906
85116,16560,46685,716,10436,80,407,160000,42.3921901721,-71.1502899429
95072,16290,42899,368,4688,94,589,160000,42.3922064481,-71.1504252952
78428,12798,59847,1037,7330,45,515,160000,42.392222724,-71.1505606476
79711,14610,59208,361,5805,11,294,160000,42.392239,-71.150696
84795,31424,34646,770,7944,4,417,160000,42.3918706732,-71.1479540492
63707,37804,49644,94,8177,18,556,160000,42.3919424964,-71.1479330691
68053,44668,37781,114,8938,4,442,160000,42.391954,-71.148032
50486,41649,59206,219,8052,7,381,160000,42.3919582482,-71.1480685345
49944,42180,58613,121,8702,18,422,160000,42.3919652796,-71.1480705996
47297,43241,60513,225,8398,21,305,160000,42.3919742097,-71.1482071997
46918,44062,60164,247,8244,30,335,160000,42.391974,-71.148204
50194,50119,50920,370,8004,15,378,160000,42.3919831398,-71.1483437998
56962,38319,57294,116,6997,18,294,160000,42.3919897839,-71.1485223979
57343,38337,56856,109,7152,17,186,160000,42.3919920699,-71.1484803999
64905,34786,54232,614,5220,4,239,160000,42.392001,-71.148617
63185,34961,55085,816,5770,9,174,160000,42.392005838,-71.1486577983
68971,54313,29783,281,6477,24,151,160000,42.392021892,-71.1487931989
49631,69618,31269,1306,7889,0,287,160000,42.392037946,-71.1489285994
58081,71297,19813,331,10234,2,242,160000,42.3920522522,-71.1490463113
60005,70551,19625,434,9132,4,249,160000,42.392054,-71.149064
44388,63807,40510,571,9491,4,1229,160000,42.3920656892,-71.1491822335
41194,65094,39915,321,12819,8,649,160000,42.3920791261,-71.1493181556
38733,63710,46500,518,9747,10,782,160000,42.3920925164,-71.1494778297
41047,62339,46231,461,8756,12,1154,160000,42.3920925631,-71.1494540778
65630,44153,38876,724,10130,16,471,160000,42.392106,-71.14959
64755,45358,38878,1294,9175,8,532,160000,42.3921087924,-71.1496131818
62643,58421,30830,743,6916,27,420,160000,42.3921250683,-71.149748534
56128,90636,3378,369,8762,4,723,160000,42.3921413443,-71.1498838861
46755,91328,10133,922,9801,5,1056,160000,42.3921576202,-71.1500192384
66967,61234,22077,590,7332,87,1713,160000,42.3921738962,-71.1501545906
70247,59428,20565,436,7066,89,2169,160000,42.3921901721,-71.1502899429
52488,87507,7800,811,9333,8,2053,160000,42.3922064481,-71.1504252952
47132,95162,4742,449,10383,19,2113,160000,42.392222724,-71.1505606476
86249,18557,47256,220,7377,0,341,160000,42.392239,-71.150696
20609,68978,65039,471,3781,17,1105,160000,42.3942588128,-71.1050602487
37743,44999,71937,1047,3634,126,514,160000,42.3943118362,-71.1051770923
28105,68661,58686,502,3504,46,496,160000,42.3943648596,-71.105293936
22433,67609,63212,1863,3154,43,1686,160000,42.394417883,-71.1054107797
40427,27149,87974,1122,2542,28,758,160000,42.3944709064,-71.1055276236
38359,43666,63306,6080,7239,4,1346,160000,42.3945239298,-71.1056444675
29345,55938,66367,3391,4157,13,789,160000,42.3945769532,-71.1057613116
40587,56115,57417,1064,2971,318,1528,160000,42.3946299766,-71.1058781557
39142,57323,57545,1207,3064,307,1412,160000,42.3946406128,-71.1058972239
36774,32608,84230,2289,3349,91,659,160000,42.394683,-71.105995
35838,33204,84711,2002,3684,49,512,160000,42.3946918846,-71.1060154928
55313,36345,56598,3502,6081,101,2060,160000,42.3947431564,-71.1061337617
38022,46161,70760,552,3968,18,519,160000,42.3947944282,-71.1062520308
31783,55875,64150,1260,5261,54,1617,160000,42.3947994037,-71.1062705688
30423,65174,53207,3739,6399,59,999,160000,42.3948457,-71.1063703
30705,65455,53703,3395,5996,53,693,160000,42.3948533028,-71.1063866765
47487,44032,53747,5217,7760,53,1704,160000,42.3949072018,-71.1065027842
36964,67921,46071,4523,3715,84,722,160000,42.3949611009,-71.1066188921
23165,30772,97214,4928,2462,299,1160,160000,42.395015,-71.106735
60666,27830,65118,745,3841,68,1732,160000,42.3942588128,-71.1050602487
44919,43598,64808,1344,4674,25,632,160000,42.3943118362,-71.1051770923
45980,56624,45177,1762,9795,12,650,160000,42.3943648596,-71.105293936
36372,67458,43218,1579,8297,25,3051,160000,42.394417883,-71.1054107797
50488,34866,65704,1618,5260,50,2014,160000,42.3944709064,-71.1055276236
63508,43403,36765,4164,10478,21,1661,160000,42.3945239298,-71.1056444675
41450,35084,70354,3894,6910,9,2299,160000,42.3945769532,-71.1057613116
58165,43815,44364,1291,10331,15,2019,160000,42.3946299766,-71.1058781557
57344,44197,44430,1747,10182,14,2086,160000,42.3946406128,-71.1058972239
41865,38425,68541,2101,7243,26,1799,160000,42.394683,-71.105995
42745,37923,68247,2391,6389,25,2280,160000,42.3946918846,-71.1060154928
41372,62093,48022,2344,5397,49,723,160000,42.3947431564,-71.1061337617
29106,68854,54788,824,5711,21,696,160000,42.3947944282,-71.1062520308
40807,34556,74865,2856,4401,56,2459,160000,42.3947994037,-71.1062705688
27158,51109,72484,1757,6090,37,1365,160000,42.3948457,-71.1063703
28071,50685,72721,1549,5528,34,1412,160000,42.3948533028,-71.1063866765
61822,51535,35119,2463,7193,42,1826,160000,42.3949072018,-71.1065027842
44024,34347,72777,2372,4511,70,1899,160000,42.3949611009,-71.1066188921
34641,56620,56641,4010,5917,66,2105,160000,42.395015,-71.106735
52447,49116,42714,4562,9003,56,2102,160000,42.392780014,-71.1202725321
47751,64030,34260,3470,7987,28,2474,160000,42.3928703926,-71.1202106393
70737,25722,47970,4993,8138,0,2440,160000,42.3929607712,-71.1201487464
67431,20075,55133,5993,7721,4,3643,160000,42.3930511498,-71.1200868534
59498,25678,58884,7308,6522,27,2083,160000,42.3931415284,-71.1200249603
63962,35294,46159,6141,6779,33,1632,160000,42.393231907,-71.1199630672
49665,56149,46398,1798,5206,166,618,160000,42.3933222856,-71.1199011739
49250,56045,48699,1455,3403,190,958,160000,42.3934126642,-71.1198392806
55941,48430,49132,2154,3591,148,604,160000,42.3935030428,-71.1197773871
64095,37002,46576,4224,4908,23,3172,160000,42.3935934214,-71.1197154936
81300,20671,47268,1637,7088,36,2000,160000,42.3936838,-71.1196536
82196,32884,38723,1427,3271,12,1487,160000,42.392780014,-71.1202725321
46779,67908,10379,24237,10161,113,423,160000,42.3928703926,-71.1202106393
23812,68606,37079,16035,9335,64,5069,160000,42.3929607712,-71.1201487464
32402,64818,43156,7627,5273,28,6696,160000,42.3930511498,-71.1200868534
31635,63783,47078,7940,5400,22,4142,160000,42.3931415284,-71.1200249603
35544,52587,49221,9912,5812,72,6852,160000,42.393231907,-71.1199630672
19421,65190,66816,2961,3467,159,1986,160000,42.3933222856,-71.1199011739
25342,68427,55756,3322,4517,156,2480,160000,42.3934126642,-71.1198392806
37776,46786,58476,9345,5659,87,1871,160000,42.3935030428,-71.1197773871
36697,56818,43178,15776,4626,53,2852,160000,42.3935934214,-71.1197154936
82270,48092,20879,1792,6455,68,444,160000,42.3936838,-71.1196536
22741,75214,50339,1454,6029,10,4213,160000,42.3613793,-71.0969446
29882,36734,68952,14462,7055,69,2846,160000,42.361480065,-71.0969307894
50499,32944,62667,4215,5796,15,3864,160000,42.36158083,-71.0969169789
65412,34202,48723,1011,4379,11,6262,160000,42.361681595,-71.0969031683
70238,26155,53452,743,3057,15,6340,160000,42.36178236,-71.0968893577
45856,30685,69439,4867,3541,94,5518,160000,42.3618769,-71.0968764
45424,30626,70464,5076,3204,71,5135,160000,42.361883125,-71.096875547
58583,22178,75191,1642,1337,33,1036,160000,42.361977597,-71.0968617084
45163,32538,75725,1719,1911,189,2755,160000,42.3620037,-71.0968579
34381,30885,85896,3526,3222,291,1799,160000,42.3620782939,-71.0968470168
33774,30097,86489,3916,3716,289,1719,160000,42.3621044433,-71.0968438025
27608,54465,69598,2068,1973,12,4276,160000,42.3622051866,-71.096829705
33536,47826,67587,2034,3062,15,5940,160000,42.36230593,-71.0968156075
37479,52088,57240,2611,5779,6,4797,160000,42.3624066733,-71.0968015099
56946,33037,57236,4453,6467,53,1808,160000,42.3625074166,-71.0967874124
34269,30285,88374,501,3394,12,3165,160000,42.3625318,-71.096784
44349,29408,76857,621,6858,32,1875,160000,42.3626081599,-71.0967733148
45630,28572,75620,438,6462,20,3258,160000,42.3626327349,-71.096772688
59528,55973,29404,1310,11448,4,2333,160000,42.3627336699,-71.0967613759
45163,76261,18657,845,16810,2,2262,160000,42.3628346048,-71.0967500639
50743,68258,23161,1032,12816,21,3969,160000,42.3629355397,-71.0967387518
45337,32557,69597,1905,8026,18,2560,160000,42.3630364747,-71.0967274397
30362,41918,80066,629,3529,10,3486,160000,42.3631323,-71.0967167
30362,42236,79949,596,3357,18,3482,160000,42.3631374096,-71.0967161276
34039,50802,54666,12930,6207,31,1325,160000,42.3632016,-71.0967089
32892,51460,54163,14336,5864,26,1259,160000,42.363233232,-71.0967053397
25941,61268,61783,4445,4432,17,2114,160000,42.3632946,-71.0966957
26307,61659,63008,3062,3528,22,2414,160000,42.363302328,-71.0966946031
39180,70519,40723,3272,4769,31,1506,160000,42.3633949913,-71.0966775768
45173,52095,56108,3146,2997,19,462,160000,42.3634953825,-71.0966594535
40878,44995,69073,1624,2830,64,536,160000,42.3635957738,-71.0966413303
40978,55916,56096,2484,2883,17,1626,160000,42.363696165,-71.096623207
42310,53438,52890,3235,5821,7,2299,160000,42.3637804,-71.096608
41972,53738,53200,3026,5830,7,2227,160000,42.3637965563,-71.0966050836
43733,79761,27157,2105,4599,18,2627,160000,42.3638293,-71.0965992
64837,18180,73864,66,2517,23,513,160000,42.3638654,-71.0965927
65214,17603,73837,106,2751,5,484,160000,42.3638807968,-71.0965899327
50449,15021,90679,252,1709,16,1874,160000,42.3639296958,-71.0965811232
50466,15130,90119,213,1806,20,2246,160000,42.3639655854,-71.0965725983
50139,48001,46753,103,13584,14,1406,160000,42.3640204,-71.0965616
50438,47531,47746,131,12529,13,1612,160000,42.3640657708,-71.0965524966
43801,48475,59046,98,7755,6,819,160000,42.3641181105,-71.0965255277
44235,47885,59341,92,7573,3,871,160000,42.3641599,-71.0965101
58183,36891,57224,253,6677,28,744,160000,42.364215821,-71.0964894553
58201,36855,57295,202,6656,28,763,160000,42.3642574954,-71.0964734612
26412,51206,79531,97,2323,4,427,160000,42.3642803,-71.0964649
26460,51334,79561,84,2143,4,414,160000,42.3643550907,-71.0964368224
44767,57918,49750,107,6525,16,917,160000,42.3643778999,-71.0964282833
48189,41273,64580,263,5196,3,496,160000,42.3644754998,-71.0963916666
39336,39867,76124,171,3914,1,587,160000,42.3645730997,-71.0963550498
39336,39867,76124,171,3914,1,587,160000,42.3646706996,-71.096318433
35939,70809,49331,110,3107,5,699,160000,42.3647682996,-71.0962818161
74192,31250,48170,1363,3920,7,1098,160000,42.3648547,-71.0962494
73125,33639,45697,1103,4836,13,1587,160000,42.3648658995,-71.0962451991
33499,47418,73409,364,3588,12,1710,160000,42.3649534,-71.0962186553
31279,31652,92765,406,2065,61,1772,160000,42.3650521,-71.0961879106
50301,25000,80050,916,2578,34,1121,160000,42.3651508001,-71.0961571659
67666,25453,61026,548,3840,16,1451,160000,42.3652495001,-71.096126421
68449,22784,58960,906,7336,8,1557,160000,42.3653482001,-71.0960956762
69226,23031,56669,885,8516,14,1659,160000,42.36536,-71.096092
37380,27274,90297,725,2928,29,1367,160000,42.3654469001,-71.0960649313
38174,27245,89604,828,2809,17,1323,160000,42.3654577639,-71.0960561929
41808,21128,92361,525,2829,31,1318,160000,42.3655555278,-71.0960203858
74929,27557,50202,911,4428,104,1869,160000,42.3656532917,-71.0959845786
42074,23726,89174,385,2707,58,1876,160000,42.3657510555,-71.0959487714
47711,52429,49587,608,7308,18,2339,160000,42.3658488194,-71.0959129641
23862,45903,82545,290,3756,21,3623,160000,42.3659465833,-71.0958771568
26455,33788,96615,240,1821,20,1061,160000,42.3660443472,-71.0958413494
42777,23248,88181,1051,3194,30,1519,160000,42.3661421111,-71.0958055419
56404,26157,68281,700,7039,89,1330,160000,42.36619,-71.095788
58108,25283,67188,753,7100,120,1448,160000,42.366239875,-71.0957697344
40546,21586,89230,837,6399,83,1319,160000,42.366288383,-71.0957554468
26835,13248,115296,546,3193,92,790,160000,42.366326,-71.095743
27316,13333,114637,425,3340,127,822,160000,42.3663867661,-71.0957228936
51140,34638,65107,1316,6489,65,1245,160000,42.3664235174,-71.0957059817
44276,32802,74648,976,5604,45,1649,160000,42.3665210348,-71.0956689633
53559,35357,64955,801,4726,73,529,160000,42.3666185522,-71.0956319449
42502,58581,47404,3638,6484,165,1226,160000,42.3667160696,-71.0955949264
18508,76983,56431,2220,4382,121,1355,160000,42.366787,-71.095568
18352,75287,57846,2976,4125,159,1255,160000,42.366813587,-71.0955579078
29031,59972,63087,2033,4845,77,955,160000,42.3668828961,-71.0955238998
32087,44194,73240,2633,6069,50,1727,160000,42.3669787921,-71.0954797996
41046,47331,56018,1974,12466,29,1136,160000,42.3670746882,-71.0954356992
39288,47849,57332,1382,12825,33,1291,160000,42.367111,-71.095419
40710,49640,60143,2029,5395,81,2002,160000,42.3671705843,-71.0953915989
38944,51011,59893,2833,5408,99,1812,160000,42.3672087168,-71.0953829572
31041,67367,51147,1581,5331,61,3472,160000,42.3673064336,-71.0953469144
68790,34861,46354,1986,5926,75,2008,160000,42.3674041504,-71.0953108715
37416,40867,68394,2954,5951,132,4286,160000,42.3675018672,-71.0952748286
38502,35059,75496,2336,6018,105,2484,160000,42.367599584,-71.0952387856
36340,29171,89700,765,2126,174,1724,160000,42.3676973007,-71.0952027425
31924,27405,95280,1016,2137,210,2028,160000,42.367721,-71.095194
43180,53443,55808,1118,3300,27,3124,160000,42.3677950175,-71.0951666994
43328,53029,56516,1205,3172,23,2727,160000,42.36779,-71.095152
41975,47475,62063,1402,3587,18,3480,160000,42.3678133693,-71.0951377752
29883,50611,73384,1520,2807,382,1413,160000,42.3678878247,-71.0951164972
34303,38792,83011,800,1660,252,1182,160000,42.3679856494,-71.0950809943
16121,62896,76528,822,2071,228,1334,160000,42.3680834742,-71.0950454914
24679,58500,73016,493,1541,416,1355,160000,42.368173,-71.095013
24913,58818,72868,343,1367,304,1387,160000,42.3681812989,-71.0950099885
30395,52870,71414,755,3262,355,949,160000,42.3682704258,-71.0949755415
30046,55959,70588,719,1738,136,814,160000,42.3683678517,-71.0949380829
59845,56418,32424,618,3717,72,6906,160000,42.3684652775,-71.0949006242
73374,30657,47367,396,4504,11,3691,160000,42.3685627033,-71.0948631655
53128,34963,65784,189,3693,11,2232,160000,42.3686601291,-71.0948257068
39667,8662,109182,234,1568,6,681,160000,42.368757555,-71.094788248
29342,38930,80401,4512,4169,12,2634,160000,42.3688549808,-71.0947507891
37789,55015,57460,558,7633,6,1539,160000,42.372754,-71.093279
36003,61257,51099,1816,9007,30,788,160000,42.3728513957,-71.0932413956
44851,68271,41194,1099,3670,24,891,160000,42.3729487914,-71.0932037911
35033,72785,46284,514,2531,9,2844,160000,42.373013,-71.093179
34192,72807,47875,559,2714,9,1844,160000,42.3730461872,-71.0931661865
48573,59131,47691,412,2609,16,1568,160000,42.3731110146,-71.093144467
41081,59803,53754,206,2080,6,3070,160000,42.3732090292,-71.0931099339
36957,38373,79277,96,4075,14,1208,160000,42.3733070438,-71.0930754007
50006,37066,68970,258,2249,22,1429,160000,42.3733289,-71.0930677
55469,31848,70484,169,1392,5,633,160000,42.3734050583,-71.0930408676
55813,31112,70647,164,1632,6,626,160000,42.373427471,-71.0930362018
58467,29820,69294,150,1652,4,613,160000,42.3734353,-71.0930337
58624,21571,77831,70,1257,1,646,160000,42.3735260419,-71.0930047035
58350,21471,77829,71,1575,1,703,160000,42.3735349204,-71.0930089807
66989,27425,63245,46,1036,0,1259,160000,42.3736345409,-71.0929842614
47705,43281,63904,305,3077,4,1724,160000,42.3737341613,-71.0929595421
62004,14173,81082,173,1552,9,1007,160000,42.3737839,-71.0929472
62325,28416,64018,388,3089,22,1742,160000,42.3738337817,-71.0929348227
62337,28237,63671,313,3765,21,1656,160000,42.3738836712,-71.0929236213
74560,29040,51271,308,3024,34,1763,160000,42.3739834425,-71.0929000426
76473,51015,24264,1055,6174,48,971,160000,42.3740832137,-71.0928764638
79116,46590,26143,490,6970,3,688,160000,42.3741478,-71.0928612
79313,45834,26712,404,7218,0,519,160000,42.3741829849,-71.092852885
79320,44976,26382,575,8141,4,602,160000,42.3742084,-71.0928475
90185,19184,45399,456,4326,2,448,160000,42.3742313,-71.0928431
96592,16289,43010,244,3447,19,399,160000,42.3742476968,-71.0928386161
83403,22251,49256,273,3909,2,906,160000,42.3742732,-71.0928389
73821,24545,56753,301,3601,2,977,160000,42.3742937,-71.09284
94511,16406,43667,440,4476,4,496,160000,42.3743086753,-71.0928282331
70281,16262,66373,662,5293,11,1118,160000,42.3743156,-71.0928459
72514,15984,66783,783,3196,18,722,160000,42.3743323039,-71.0928329755
69784,16944,66718,380,5183,8,983,160000,42.3743371,-71.0928573
71477,16685,66906,725,3539,45,623,160000,42.3743744009,-71.0928443303
70299,15237,68252,474,4668,104,966,160000,42.3743930322,-71.0928667608
68634,46281,33997,4366,6118,47,557,160000,42.3744099036,-71.0928959029
68936,46274,34572,3521,6162,43,492,160000,42.3744311944,-71.0929080198
63790,35962,48789,2192,8923,47,297,160000,42.3745126,-71.0929519
63668,35011,49800,2321,8927,9,264,160000,42.3745252888,-71.0929587396
65110,36191,48789,2306,7292,18,294,160000,42.3745373,-71.0929628
66231,36012,48245,2427,6765,78,242,160000,42.3745627,-71.0929695
70840,30471,55306,233,2904,54,192,160000,42.3745902,-71.0929703
69299,31501,54623,216,4151,9,201,160000,42.3746088925,-71.0929943935
71186,29935,54908,477,3315,33,146,160000,42.3746177,-71.092968
69941,30072,55519,203,4074,4,187,160000,42.3746367105,-71.0929890225
80103,33745,42092,244,3301,8,507,160000,42.374663957,-71.0929724457
81350,31754,43013,316,3165,47,355,160000,42.3746912876,-71.0929618454
82322,30477,43700,340,2660,29,472,160000,42.3747182186,-71.0929512164
70945,40372,40202,2079,4896,3,1503,160000,42.3748187372,-71.0929344329
58697,25120,71494,443,3387,13,846,160000,42.3749192558,-71.0929176493
59739,23674,72107,710,3098,2,670,160000,42.3749471,-71.092913
70206,19242,67684,96,2289,4,479,160000,42.3750197744,-71.0929008656
66090,21713,68949,55,2815,0,378,160000,42.3750457646,-71.0928820425
66783,20914,68683,79,3176,0,365,160000,42.3750459,-71.092882
86056,14974,57182,120,1510,3,155,160000,42.3751272,-71.0928585
86143,14631,57164,114,1741,0,207,160000,42.3751444291,-71.0928510849
85895,15009,57116,84,1711,2,183,160000,42.3751449474,-71.0928533701
82363,18225,52521,208,5853,0,830,160000,42.3752244,-71.0928312
80413,18761,53402,176,6327,1,920,160000,42.3752263683,-71.0928306472
81219,23337,50178,97,4907,1,261,160000,42.3753247039,-71.0928122076
107156,29584,20576,223,2190,17,254,160000,42.3754250077,-71.0927932151
68983,35541,51381,146,3607,3,339,160000,42.3755253116,-71.0927742226
56570,25910,73021,328,3619,15,537,160000,42.3756256155,-71.09275523
70897,34250,43891,1468,8427,14,1053,160000,42.3757259193,-71.0927362375
70897,34250,43891,1468,8427,14,1053,160000,42.3758262232,-71.0927172449
50523,65821,33286,386,8462,3,1519,160000,42.3613793,-71.0969446
32670,35310,81636,3915,2884,30,3555,160000,42.361480065,-71.0969307894
46750,41316,59360,2757,7179,35,2603,160000,42.36158083,-71.0969169789
72289,38154,34552,420,8301,8,6276,160000,42.361681595,-71.0969031683
68673,44206,31531,1128,9076,1,5385,160000,42.36178236,-71.0968893577
60996,27686,61874,1192,4856,13,3383,160000,42.3618769,-71.0968764
60947,28533,62071,1107,3977,21,3344,160000,42.361883125,-71.096875547
56390,19599,75486,1177,6611,34,703,160000,42.361977597,-71.0968617084
71647,20432,54647,1816,10573,61,824,160000,42.3620037,-71.0968579
67532,35213,41569,2281,12505,7,893,160000,42.3620782939,-71.0968470168
67264,34818,41734,2022,13430,26,706,160000,42.3621044433,-71.0968438025
42543,61894,38937,1369,7056,0,8201,160000,42.3622051866,-71.096829705
44129,65334,35504,1622,7055,29,6327,160000,42.36230593,-71.0968156075
53933,63192,24242,1133,11336,39,6125,160000,42.3624066733,-71.0968015099
49324,55748,28806,8621,12120,8,5373,160000,42.3625074166,-71.0967874124
47040,44484,52867,1391,8346,14,5858,160000,42.3625318,-71.096784
48756,30209,67805,3691,7151,15,2373,160000,42.3626081599,-71.0967733148
48694,29803,67954,4271,6993,12,2273,160000,42.3626327349,-71.096772688
37901,63810,40882,2375,10433,22,4577,160000,42.3627336699,-71.0967613759
37022,62048,47143,3464,6551,37,3735,160000,42.3628346048,-71.0967500639
69960,56251,18939,4334,7718,21,2777,160000,42.3629355397,-71.0967387518
107356,40651,6396,78,2138,0,3381,160000,42.3630364747,-71.0967274397
41184,29378,79667,2811,4105,51,2804,160000,42.3631323,-71.0967167
41321,29046,79516,2840,4118,51,3108,160000,42.3631374096,-71.0967161276
57213,28963,55530,1598,11758,50,4888,160000,42.3632016,-71.0967089
58387,29145,55062,1919,9764,33,5690,160000,42.363233232,-71.0967053397
18423,41541,61658,24333,8222,50,5773,160000,42.3632946,-71.0966957
17607,41066,63965,22183,10447,43,4689,160000,42.363302328,-71.0966946031
26839,46223,58536,14773,10422,59,3148,160000,42.3633949913,-71.0966775768
31573,55872,56552,5700,8963,32,1308,160000,42.3634953825,-71.0966594535
18406,39741,85653,9341,3949,100,2810,160000,42.3635957738,-71.0966413303
15849,65431,72421,1381,2744,62,2112,160000,42.363696165,-71.096623207
17859,45692,71637,9880,4944,46,9942,160000,42.3637804,-71.096608
17648,45315,71108,10255,4870,43,10761,160000,42.3637965563,-71.0966050836
29978,72070,29142,16527,3908,95,8280,160000,42.3638293,-71.0965992
63638,15853,72542,2545,3189,332,1901,160000,42.3638654,-71.0965927
64177,15684,72481,2470,2893,364,1931,160000,42.3638807968,-71.0965899327
52791,26058,72557,1865,3697,166,2866,160000,42.3639296958,-71.0965811232
52060,26990,72134,2475,3408,138,2795,160000,42.3639655854,-71.0965725983
51281,15405,88907,1792,1440,247,928,160000,42.3640204,-71.0965616
49197,15306,88861,3820,1339,327,1150,160000,42.3640657708,-71.0965524966
63841,9780,81976,1567,1697,193,946,160000,42.3641181105,-71.0965255277
64478,10156,81487,1605,1304,125,845,160000,42.3641599,-71.0965101
67001,17778,69508,1414,1236,268,2795,160000,42.364215821,-71.0964894553
66685,17815,69402,1463,1367,284,2984,160000,42.3642574954,-71.0964734612
47001,19235,88058,1244,1531,33,2898,160000,42.3642803,-71.0964649
47233,19121,87680,1274,1510,38,3144,160000,42.3643550907,-71.0964368224
54375,27360,67615,4177,3062,59,3352,160000,42.3643778999,-71.0964282833
30063,33747,91513,450,1398,50,2779,160000,42.3644754998,-71.0963916666
11517,68998,75055,133,1045,10,3242,160000,42.3645730997,-71.0963550498
11517,68998,75055,133,1045,10,3242,160000,42.3646706996,-71.096318433
25287,45525,82430,347,1068,29,5314,160000,42.3647682996,-71.0962818161
81949,31192,40866,491,4214,25,1263,160000,42.3648547,-71.0962494
81005,32775,40232,558,4124,23,1283,160000,42.3648658995,-71.0962451991
47871,69310,37774,136,1981,21,2907,160000,42.3649534,-71.0962186553
48716,38572,67000,351,2079,49,3233,160000,42.3650521,-71.0961879106
63820,43170,46015,892,5333,236,534,160000,42.3651508001,-71.0961571659
47418,54525,52546,265,4151,28,1067,160000,42.3652495001,-71.096126421
52661,70485,29000,475,6472,34,873,160000,42.3653482001,-71.0960956762
53599,69396,30209,563,5379,30,824,160000,42.36536,-71.096092
45647,64710,38830,2883,6042,146,1742,160000,42.3654469001,-71.0960649313
44359,65135,40331,3261,4993,106,1815,160000,42.3654577639,-71.0960561929
51339,30231,70639,1446,5640,83,622,160000,42.3655555278,-71.0960203858
38631,45734,68959,947,4389,13,1327,160000,42.3656532917,-71.0959845786
40527,42711,71196,1178,2555,122,1711,160000,42.3657510555,-71.0959487714
42096,74346,35997,1204,4655,114,1588,160000,42.3658488194,-71.0959129641
36100,77812,40307,386,2803,46,2546,160000,42.3659465833,-71.0958771568
68803,50612,30731,3520,6090,38,206,160000,42.3660443472,-71.0958413494
64394,30783,59930,652,3855,85,301,160000,42.3661421111,-71.0958055419
61804,30376,56473,774,10258,27,288,160000,42.36619,-71.095788
59722,32044,56934,489,10431,12,368,160000,42.366239875,-71.0957697344
57223,37179,56319,999,7704,34,542,160000,42.366288383,-71.0957554468
67480,44881,43811,492,2837,167,332,160000,42.366326,-71.095743
65930,45145,45120,470,2873,106,356,160000,42.3663867661,-71.0957228936
53627,35915,66829,623,2601,40,365,160000,42.3664235174,-71.0957059817
67648,33744,52578,1467,3735,71,757,160000,42.3665210348,-71.0956689633
65803,57094,29998,2375,4211,57,462,160000,42.3666185522,-71.0956319449
52414,40546,62215,556,2218,55,1996,160000,42.3667160696,-71.0955949264
41745,56468,56254,339,3232,33,1929,160000,42.366787,-71.095568
42852,54779,56037,423,3574,11,2324,160000,42.366813587,-71.0955579078
63203,40005,50494,742,3871,28,1657,160000,42.3668828961,-71.0955238998
70193,46276,35819,1078,5545,76,1013,160000,42.3669787921,-71.0954797996
65980,35964,46226,2962,7656,64,1148,160000,42.3670746882,-71.0954356992
65001,37911,45323,2204,8299,57,1205,160000,42.367111,-71.095419
63714,52795,35455,720,6544,19,753,160000,42.3671705843,-71.0953915989
64162,52578,35320,571,6472,29,868,160000,42.3672087168,-71.0953829572
62125,60794,29123,581,4320,49,3008,160000,42.3673064336,-71.0953469144
63400,34334,52177,1454,4963,192,3480,160000,42.3674041504,-71.0953108715
66027,38397,42056,917,9999,186,2418,160000,42.3675018672,-71.0952748286
47344,60784,38500,823,9522,231,2796,160000,42.367599584,-71.0952387856
66262,39762,42526,1336,8687,69,1358,160000,42.3676973007,-71.0952027425
67777,34618,46285,2152,7991,53,1124,160000,42.367721,-71.095194
29203,55907,63114,2092,7533,258,1893,160000,42.3677950175,-71.0951666994
29293,55731,63225,2004,7437,140,2170,160000,42.36779,-71.095152
31543,50755,65945,2061,6984,212,2500,160000,42.3678133693,-71.0951377752
36080,50834,67362,916,2429,252,2127,160000,42.3678878247,-71.0951164972
16223,63690,75964,733,1939,189,1262,160000,42.3679856494,-71.0950809943
9599,64271,81332,1522,2019,211,1046,160000,42.3680834742,-71.0950454914
8976,51846,93743,1247,1788,396,2004,160000,42.368173,-71.095013
9325,51329,94093,1233,1651,283,2086,160000,42.3681812989,-71.0950099885
22890,52100,80333,797,1848,285,1747,160000,42.3682704258,-71.0949755415
31277,57104,64996,1803,2901,283,1636,160000,42.3683678517,-71.0949380829
24228,88125,34481,1180,6714,14,5258,160000,42.3684652775,-71.0949006242
26595,35648,80517,6391,5623,66,5160,160000,42.3685627033,-71.0948631655
26297,50284,70370,4639,4640,16,3754,160000,42.3686601291,-71.0948257068
32048,19425,100937,1324,3847,107,2312,160000,42.368757555,-71.094788248
22400,49231,68873,11303,4942,44,3207,160000,42.3688549808,-71.0947507891
22060,87141,30398,8667,9375,11,2348,160000,42.372754,-71.093279
23731,66177,35454,22235,7550,30,4823,160000,42.3728513957,-71.0932413956
19106,51288,54248,22018,9362,26,3952,160000,42.3729487914,-71.0932037911
22400,72185,45970,6196,7677,99,5473,160000,42.373013,-71.093179
22004,72517,44628,5722,7730,144,7255,160000,42.3730461872,-71.0931661865
19777,78501,49840,2301,4227,255,5099,160000,42.3731110146,-71.093144467
30688,46036,74952,237,2104,29,5954,160000,42.3732090292,-71.0931099339
31709,39616,82218,168,1631,3,4655,160000,42.3733070438,-71.0930754007
32845,29621,90894,315,2497,7,3821,160000,42.3733289,-71.0930677
69025,19168,67161,304,920,147,3275,160000,42.3734050583,-71.0930408676
68853,19277,66825,264,1058,164,3559,160000,42.373427471,-71.0930362018
68671,21525,65604,252,953,192,2803,160000,42.3734353,-71.0930337
68160,21183,66824,325,937,52,2519,160000,42.3735260419,-71.0930047035
69407,19812,66311,305,1041,46,3078,160000,42.3735349204,-71.0930089807
49599,39605,65035,590,1483,37,3651,160000,42.3736345409,-71.0929842614
30824,50340,70047,3382,2942,23,2442,160000,42.3737341613,-71.0929595421
44078,26468,82754,281,3031,82,3306,160000,42.3737839,-71.0929472
30965,42482,79459,363,4301,11,2419,160000,42.3738337817,-71.0929348227
31034,42618,78854,285,4511,6,2692,160000,42.3738836712,-71.0929236213
23334,30023,101971,452,2499,54,1667,160000,42.3739834425,-71.0929000426
30214,34188,87057,2469,2760,319,2993,160000,42.3740832137,-71.0928764638
40384,28786,82521,2220,3866,266,1957,160000,42.3741478,-71.0928612
40301,29386,82175,1938,3964,155,2081,160000,42.3741829849,-71.092852885
40724,29015,81814,2478,3655,195,2119,160000,42.3742084,-71.0928475
54909,52637,45829,1654,3007,18,1946,160000,42.3742313,-71.0928431
54296,53745,45688,1484,3068,21,1698,160000,42.3742476968,-71.0928386161
56325,54301,41689,2721,3516,35,1413,160000,42.3742732,-71.0928389
58773,56251,37578,1993,3322,14,2069,160000,42.3742937,-71.09284
54210,52372,47216,1008,3259,32,1903,160000,42.3743086753,-71.0928282331
68806,19182,64972,1520,4174,67,1279,160000,42.3743156,-71.0928459
74280,22265,57366,1411,3493,19,1166,160000,42.3743323039,-71.0928329755
69066,19518,64713,1798,3682,75,1148,160000,42.3743371,-71.0928573
72002,21883,60142,1288,3662,26,997,160000,42.3743744009,-71.0928443303
69187,22709,61995,1643,3463,21,982,160000,42.3743930322,-71.0928667608
46000,25286,81999,1896,3577,35,1207,160000,42.3744099036,-71.0928959029
44757,25936,82395,2399,3469,65,979,160000,42.3744311944,-71.0929080198
49075,30189,74419,1686,2762,26,1843,160000,42.3745126,-71.0929519
45769,30350,77521,1786,3035,41,1498,160000,42.3745252888,-71.0929587396
51131,31430,71067,1549,2984,43,1796,160000,42.3745373,-71.0929628
56435,33051,63919,1504,3034,30,2027,160000,42.3745627,-71.0929695
67265,22158,63973,2212,3331,65,996,160000,42.3745902,-71.0929703
68304,20334,64209,3492,2696,24,941,160000,42.3746088925,-71.0929943935
66890,21803,63959,2010,4080,75,1183,160000,42.3746177,-71.092968
69602,19853,63089,2858,3689,40,869,160000,42.3746367105,-71.0929890225
46814,48641,54990,1949,4487,23,3096,160000,42.374663957,-71.0929724457
43597,51649,54551,2833,4802,22,2546,160000,42.3746912876,-71.0929618454
40858,54387,54979,2350,4580,48,2798,160000,42.3747182186,-71.0929512164
43286,66696,45095,1019,1830,0,2074,160000,42.3748187372,-71.0929344329
17368,57627,79108,1133,1853,6,2905,160000,42.3749192558,-71.0929176493
15650,57560,80756,1263,1412,7,3352,160000,42.3749471,-71.092913
34884,21417,96540,1060,3487,104,2508,160000,42.3750197744,-71.0929008656
38983,20976,93557,1217,2875,122,2270,160000,42.3750457646,-71.0928820425
38251,21797,92471,1538,3106,377,2460,160000,42.3750459,-71.092882
58966,29247,65474,1097,3216,2,1998,160000,42.3751272,-71.0928585
58642,28999,65124,999,3477,1,2758,160000,42.3751444291,-71.0928510849
58252,29385,65748,1059,3544,5,2007,160000,42.3751449474,-71.0928533701
69342,23723,43895,15912,5982,11,1135,160000,42.3752244,-71.0928312
73072,21604,42392,16575,5425,12,920,160000,42.3752263683,-71.0928306472
87489,24512,40043,770,6334,28,824,160000,42.3753247039,-71.0928122076
94968,5331,57750,284,708,277,682,160000,42.3754250077,-71.0927932151
92991,4809,59839,170,299,10,1882,160000,42.3755253116,-71.0927742226
59708,10853,86178,716,1189,12,1344,160000,42.3756256155,-71.09275523
92643,19490,38576,3499,4252,16,1524,160000,42.3757259193,-71.0927362375
92643,19490,38576,3499,4252,16,1524,160000,42.3758262232,-71.0927172449
92395,44858,13151,589,8514,79,414,160000,42.39593644,-71.1177853557
92395,44858,13151,589,8514,79,414,160000,42.3959847083,-71.1179059222
91085,42178,14633,4368,7112,119,505,160000,42.3960329765,-71.1180264889
88493,31188,28806,3910,5810,132,1661,160000,42.3960812447,-71.1181470557
68477,29815,51087,3547,5371,69,1634,160000,42.396129513,-71.1182676225
78144,40557,31229,2015,5069,105,2881,160000,42.3961777812,-71.1183881895
50026,56793,44094,1621,6001,98,1367,160000,42.3962260494,-71.1185087565
38563,58984,54713,1399,4231,32,2078,160000,42.3962743177,-71.1186293236
56859,27535,67425,1781,4264,42,2094,160000,42.3963225859,-71.1187498908
71298,22438,59241,3158,2676,158,1031,160000,42.3963708541,-71.1188704582
26671,61723,65203,1134,3659,96,1514,160000,42.3964191224,-71.1189910256
47563,38223,64230,4116,4579,78,1211,160000,42.3964673906,-71.1191115931
52819,46046,48439,2621,6274,73,3728,160000,42.3965156588,-71.1192321607
63405,48057,34025,1445,11700,118,1250,160000,42.3965639271,-71.1193527283
38070,51497,61224,1307,3548,426,3928,160000,42.3966121953,-71.1194732961
51001,50090,53046,2265,2598,232,768,160000,42.3966604635,-71.119593864
48903,63140,36250,2643,6726,75,2263,160000,42.3967087318,-71.1197144319
41600,39741,71630,1728,4153,251,897,160000,42.396757,-71.119835
79722,35841,28290,2450,12333,24,1340,160000,42.39593644,-71.1177853557
79722,35841,28290,2450,12333,24,1340,160000,42.3959847083,-71.1179059222
65471,49415,36788,3093,4689,147,397,160000,42.3960329765,-71.1180264889
82349,44748,27529,1989,3062,109,214,160000,42.3960812447,-71.1181470557
70424,45516,35852,1275,5500,51,1382,160000,42.396129513,-71.1182676225
56733,71710,27907,454,2292,337,567,160000,42.3961777812,-71.1183881895
64728,30693,56576,1454,5757,289,503,160000,42.3962260494,-71.1185087565
63647,43932,39885,3493,7887,93,1063,160000,42.3962743177,-71.1186293236
59914,30647,57358,4361,6233,77,1410,160000,42.3963225859,-71.1187498908
69112,44133,35993,3253,5787,397,1325,160000,42.3963708541,-71.1188704582
71985,20340,59871,2373,3712,158,1561,160000,42.3964191224,-71.1189910256
61436,33151,56956,1879,5473,68,1037,160000,42.3964673906,-71.1191115931
63719,39015,46546,3647,5551,78,1444,160000,42.3965156588,-71.1192321607
63615,74526,13541,732,6437,65,1084,160000,42.3965639271,-71.1193527283
31809,80310,39517,2006,3896,85,2377,160000,42.3966121953,-71.1194732961
33981,66343,50112,3165,5235,118,1046,160000,42.3966604635,-71.119593864
56376,76353,19713,2503,4182,113,760,160000,42.3967087318,-71.1197144319
37036,35463,82704,909,3312,102,474,160000,42.396757,-71.119835
45509,62799,39249,3765,6612,79,1987,160000,42.38381,-71.130499
60237,29415,54148,5254,8250,151,2545,160000,42.3838973452,-71.1304295901
82981,18329,47230,6704,2603,65,2088,160000,42.3839846904,-71.13036018
55869,13587,85766,2071,1758,44,905,160000,42.3840720355,-71.1302907699
62244,38981,39109,9847,8306,58,1455,160000,42.3841593807,-71.1302213597
62432,36996,37828,11332,9480,64,1868,160000,42.384185,-71.130201
59095,29121,56795,7504,5748,181,1556,160000,42.3842467259,-71.1301519494
59974,29111,56819,7483,4931,189,1493,160000,42.3842714565,-71.1301295795
63187,14298,77521,2730,1149,109,1006,160000,42.384346,-71.130068
66913,14290,74452,2104,1051,131,1059,160000,42.384357913,-71.1300581589
56319,47329,41758,7845,4753,44,1952,160000,42.3844289501,-71.1299893257
58836,42969,44979,7170,4458,62,1526,160000,42.384443,-71.129976
43862,49041,51533,6774,5870,64,2856,160000,42.38451115,-71.1298745674
48468,48798,46577,7148,5989,47,2973,160000,42.3845119003,-71.1299106512
37816,49617,63426,1643,5188,21,2289,160000,42.384529,-71.129848
41216,45504,64340,1667,5196,47,2030,160000,42.384549,-71.12982
39361,56114,53509,1476,8153,26,1361,160000,42.3845793001,-71.1297731348
38652,55488,54369,2011,7904,3,1573,160000,42.3845994058,-71.1297494317
36322,55974,54368,4871,6399,17,2049,160000,42.3846060041,-71.1297066624
35269,55587,55456,4355,7742,21,1570,160000,42.384634,-71.129651
41061,58582,50656,2766,4595,42,2298,160000,42.3846630083,-71.1295933248
41004,59239,51409,1990,4728,80,1550,160000,42.3846894612,-71.1295362677
58350,40304,56610,950,3474,107,205,160000,42.3847449223,-71.1294215353
58720,40598,56344,801,3245,49,243,160000,42.384765,-71.12938
59736,57856,35877,1435,4267,77,752,160000,42.3848003835,-71.1293068027
59850,57288,36635,1312,4274,59,582,160000,42.3848216855,-71.1292663695
17531,23238,112330,2843,1533,855,1670,160000,42.3848783711,-71.1291527389
29607,35275,87534,1433,3734,869,1548,160000,42.3849350566,-71.1290391083
27279,29733,97592,2063,1452,507,1374,160000,42.3849917421,-71.1289254775
52067,78558,23301,350,4281,172,1271,160000,42.38381,-71.130499
62984,45313,45518,1681,3307,291,906,160000,42.3838973452,-71.1304295901
48907,50008,50789,3041,5237,77,1941,160000,42.3839846904,-71.13036018
42926,45981,61249,1373,4234,45,4192,160000,42.3840720355,-71.1302907699
38565,67406,42361,2297,8276,15,1080,160000,42.3841593807,-71.1302213597
39811,64950,42583,3330,8197,21,1108,160000,42.384185,-71.130201
50339,64861,35884,1795,6134,13,974,160000,42.3842467259,-71.1301519494
50524,65605,34406,2138,6485,24,818,160000,42.3842714565,-71.1301295795
54980,65213,30332,2203,6131,38,1103,160000,42.384346,-71.130068
57381,63542,29892,1879,6183,26,1097,160000,42.384357913,-71.1300581589
35359,65958,50534,703,5343,33,2070,160000,42.3844289501,-71.1299893257
45032,64931,41766,769,6199,34,1269,160000,42.384443,-71.129976
48355,68499,30455,1052,10126,47,1466,160000,42.38451115,-71.1298745674
38456,78926,29052,850,11170,36,1510,160000,42.3845119003,-71.1299106512
43120,55488,49981,806,9685,40,880,160000,42.384529,-71.129848
51317,44850,52955,840,9118,53,867,160000,42.384549,-71.12982
54123,38306,52960,753,12528,26,1304,160000,42.3845793001,-71.1297731348
51541,40273,53130,479,13285,39,1253,160000,42.3845994058,-71.1297494317
63783,35069,52406,877,6003,61,1801,160000,42.3846060041,-71.1297066624
63554,33722,53185,891,6968,49,1631,160000,42.384634,-71.129651
64504,37509,46155,2549,7569,26,1688,160000,42.3846630083,-71.1295933248
64754,36476,46208,3129,7270,32,2131,160000,42.3846894612,-71.1295362677
60633,43753,44716,2592,6978,31,1297,160000,42.3847449223,-71.1294215353
60486,43755,45520,2603,6978,31,627,160000,42.384765,-71.12938
47511,62418,42737,1894,4669,64,707,160000,42.3848003835,-71.1293068027
48186,63173,42453,1447,3933,68,740,160000,42.3848216855,-71.1292663695
32205,71297,49608,2431,2252,313,1894,160000,42.3848783711,-71.1291527389
43958,58891,53133,648,1818,673,879,160000,42.3849350566,-71.1290391083
38578,56839,60726,277,2390,968,222,160000,42.3849917421,-71.1289254775
38366,72370,36730,7337,4585,31,581,160000,42.3724647741,-71.0801307557
38836,67339,45126,3530,4259,58,852,160000,42.372469,-71.080162
35277,67119,43738,7446,5767,102,551,160000,42.3724830193,-71.0802656045
51879,46112,56004,2473,2543,122,867,160000,42.3724951456,-71.0800295551
43188,63428,41007,5189,5084,79,2025,160000,42.3725012644,-71.0804004533
54049,51407,43684,2152,4004,55,4649,160000,42.3725195096,-71.0805353022
47409,59764,33375,10409,7787,12,1244,160000,42.3725212912,-71.0798971102
32547,32651,79789,5755,5542,23,3693,160000,42.3725377548,-71.0806701511
48377,57938,38037,9136,5606,70,836,160000,42.3725474368,-71.0797646653
52338,37110,52943,10068,5633,123,1785,160000,42.3725513888,-71.0807701772
51712,37916,52904,9697,5597,211,1963,160000,42.372556,-71.080805
83831,37141,19741,5727,12134,16,1410,160000,42.3725692592,-71.0809051181
53924,46632,39839,9039,7201,22,3343,160000,42.3725871296,-71.081040059
53766,45761,39620,8778,7960,29,4086,160000,42.3726016189,-71.0811482061
45657,50712,55328,1806,2889,27,3581,160000,42.372605,-71.081175
59653,44110,47097,1833,4645,61,2601,160000,42.3726186824,-71.0812833383
72020,43010,35622,2433,4280,135,2500,160000,42.372635746,-71.0814184706
63023,59666,30710,1827,3587,141,1046,160000,42.3726528095,-71.0815536029
52252,71392,32085,1320,2067,229,655,160000,42.372669873,-71.0816887352
31777,64028,56657,1408,3865,54,2211,160000,42.3726869365,-71.0818238676
32480,64109,54605,1884,3823,50,3049,160000,42.3726919369,-71.0818504326
49893,57628,38266,5636,7415,40,1122,160000,42.3726919537,-71.0818684454
55359,38865,56606,3390,3849,53,1878,160000,42.372704,-71.081959
55938,39561,55041,3152,4340,72,1896,160000,42.372707,-71.081986
55129,38862,56496,3649,3736,56,2072,160000,42.372709246,-71.0820035246
77633,14348,61701,1157,4210,27,924,160000,42.3727265383,-71.0821386037
98575,35996,15606,3458,5448,16,901,160000,42.3727438307,-71.0822736829
60112,38632,53307,1939,4901,161,948,160000,42.372761123,-71.0824087621
57550,27140,65988,3037,4404,103,1778,160000,42.3727784153,-71.0825438414
47030,60859,44963,1730,4344,46,1028,160000,42.3727957077,-71.0826789207
34629,42032,78027,1172,3033,327,780,160000,42.372813,-71.082814
46065,53014,50617,4567,3983,56,1698,160000,42.3724647741,-71.0801307557
33428,59223,58053,1154,5736,13,2393,160000,42.372469,-71.080162
59345,42661,46025,4813,5257,12,1887,160000,42.3724830193,-71.0802656045
50612,59033,36303,6498,4224,64,3266,160000,42.3724951456,-71.0800295551
67740,52668,28428,4524,6227,96,317,160000,42.3725012644,-71.0804004533
27475,86683,34942,683,5195,50,4972,160000,42.3725195096,-71.0805353022
35169,64992,43890,2549,9072,1,4327,160000,42.3725212912,-71.0798971102
31432,76830,37456,3556,6045,36,4645,160000,42.3725377548,-71.0806701511
31348,71646,39000,5686,10603,10,1707,160000,42.3725474368,-71.0797646653
42524,73809,30894,6894,4109,83,1687,160000,42.3725513888,-71.0807701772
43388,73986,29709,6770,4742,33,1372,160000,42.372556,-71.080805
55902,65216,20773,3573,12740,25,1771,160000,42.3725692592,-71.0809051181
64984,48532,28195,9329,5559,24,3377,160000,42.3725871296,-71.081040059
65583,49076,27522,9269,5438,23,3089,160000,42.3726016189,-71.0811482061
41966,57642,52300,1511,3779,105,2697,160000,42.372605,-71.081175
46133,48442,56226,1537,5133,20,2509,160000,42.3726186824,-71.0812833383
53519,69490,27721,1457,6284,167,1362,160000,42.372635746,-71.0814184706
63484,37732,51318,2653,2715,585,1513,160000,42.3726528095,-71.0815536029
15629,48047,87403,5694,1273,282,1672,160000,42.372669873,-71.0816887352
38871,56639,51027,5158,5937,56,2312,160000,42.3726869365,-71.0818238676
38872,53585,52882,6504,5980,66,2111,160000,42.3726919369,-71.0818504326
35196,51750,60661,3168,5958,56,3211,160000,42.3726919537,-71.0818684454
46219,39420,60446,2804,5297,66,5748,160000,42.372704,-71.081959
44499,41494,59872,2988,5914,55,5178,160000,42.372707,-71.081986
45474,41225,59237,3122,5572,66,5304,160000,42.372709246,-71.0820035246
25214,61400,65209,1237,5917,26,997,160000,42.3727265383,-71.0821386037
39786,43347,63755,2853,7848,64,2347,160000,42.3727438307,-71.0822736829
20328,37866,91776,2794,4510,95,2631,160000,42.372761123,-71.0824087621
11850,26534,112287,3855,3340,40,2094,160000,42.3727784153,-71.0825438414
21843,55210,73741,2405,3995,19,2787,160000,42.3727957077,-71.0826789207
18699,54967,79555,1710,3975,477,617,160000,42.372813,-71.082814
40925,39352,70918,3845,4367,24,569,160000,42.371438,-71.1188635
45634,46014,60771,1363,4967,125,1126,160000,42.3714881677,-71.1189825899
63710,36019,54633,1216,3852,129,441,160000,42.3715383353,-71.1191016799
59447,20403,77072,469,2139,47,423,160000,42.371588503,-71.11922077
59984,29405,64464,736,4598,98,715,160000,42.3716386706,-71.1193398601
61406,42676,48004,653,6628,93,540,160000,42.3716888383,-71.1194589504
63059,46801,40014,1685,7452,99,890,160000,42.3717390059,-71.1195780408
62327,47591,40225,1787,7039,59,972,160000,42.3717571,-71.119621
48609,46747,58119,1050,4479,24,972,160000,42.3717891736,-71.1196971313
32874,57670,60752,969,5317,15,2403,160000,42.3718117459,-71.1197364234
38240,70628,43944,795,5292,19,1082,160000,42.3718663918,-71.1198518469
54303,52458,48988,391,1219,63,2578,160000,42.3719210378,-71.1199672706
92423,45223,17844,381,1224,26,2879,160000,42.3719756837,-71.1200826943
91687,44411,18498,548,1384,14,3458,160000,42.3719977,-71.1201292
64670,54989,27486,1158,6296,47,5354,160000,42.3720303296,-71.1201981181
64408,55018,26169,1017,7697,39,5652,160000,42.3720536362,-71.1202434858
92094,40973,19489,665,5126,46,1607,160000,42.3721095725,-71.1203577717
64536,49350,34673,1657,9010,175,599,160000,42.3721655087,-71.1204720578
39441,36023,78920,402,2875,20,2319,160000,42.3722214449,-71.1205863439
45917,43870,64181,2423,1174,874,1561,160000,42.371438,-71.1188635
91867,41730,21594,814,3030,171,794,160000,42.3714881677,-71.1189825899
63111,21308,72094,474,1125,877,1011,160000,42.3715383353,-71.1191016799
55618,32306,68448,492,741,978,1417,160000,42.371588503,-71.11922077
67351,35046,53941,509,697,1398,1058,160000,42.3716386706,-71.1193398601
59606,35244,61862,546,823,1036,883,160000,42.3716888383,-71.1194589504
45275,53807,51276,1087,4014,493,4048,160000,42.3717390059,-71.1195780408
43999,53911,52050,1103,4221,414,4302,160000,42.3717571,-71.119621
53210,33560,68578,664,2641,243,1104,160000,42.3717891736,-71.1196971313
98562,30995,24844,369,4415,44,771,160000,42.3718117459,-71.1197364234
87489,41872,24709,810,3952,194,974,160000,42.3718663918,-71.1198518469
79412,50526,25434,588,2583,108,1349,160000,42.3719210378,-71.1199672706
105352,14803,37266,103,1032,342,1102,160000,42.3719756837,-71.1200826943
105057,14410,38161,149,989,392,842,160000,42.3719977,-71.1201292
80086,25872,48255,821,3585,298,1083,160000,42.3720303296,-71.1201981181
79292,26105,47404,1449,4677,278,795,160000,42.3720536362,-71.1202434858
60400,21210,71100,1620,3428,319,1923,160000,42.3721095725,-71.1203577717
60533,36193,52166,279,10261,158,410,160000,42.3721655087,-71.1204720578
51717,48176,52873,1671,2807,191,2565,160000,42.3722214449,-71.1205863439
36732,43281,73755,915,4523,90,704,160000,42.386824,-71.129186
15356,50109,88950,804,3121,63,1597,160000,42.3869143356,-71.1292480018
31283,48580,75769,644,2447,220,1057,160000,42.3870046713,-71.1293100037
30686,61311,61802,1775,2606,174,1646,160000,42.3870950069,-71.1293720057
32436,56044,66653,1353,2584,219,711,160000,42.3871853425,-71.1294340078
15013,78204,62946,575,2286,48,928,160000,42.3872756782,-71.12949601
27437,70433,56678,1133,3771,58,490,160000,42.387315,-71.129523
27008,69670,57353,952,4429,55,533,160000,42.3873660138,-71.1295580122
67797,42118,45309,674,2973,482,647,160000,42.3874074532,-71.1295789891
48614,40448,64209,1144,3522,280,1783,160000,42.3874999063,-71.1296349784
40714,57181,53098,4434,3588,259,726,160000,42.3875923595,-71.1296909677
32220,64218,54870,1223,4887,17,2565,160000,42.3876848126,-71.1297469571
34287,62991,53702,1772,4933,21,2294,160000,42.387708,-71.129761
21095,41191,92002,693,3347,40,1632,160000,42.387769,-71.129803
21380,42619,90014,1043,3432,37,1475,160000,42.3877772658,-71.1298029466
20811,41343,92263,792,3183,39,1569,160000,42.3877982773,-71.1298231582
36306,35063,84320,1167,2108,99,937,160000,42.3878592675,-71.1298651843
50034,65125,34264,1797,7668,47,1065,160000,42.386824,-71.129186
58372,51222,39599,3275,5148,57,2327,160000,42.3869143356,-71.1292480018
63829,19956,71896,792,2141,89,1297,160000,42.3870046713,-71.1293100037
71253,17811,66653,841,2282,183,977,160000,42.3870950069,-71.1293720057
64498,30889,58050,527,3812,32,2192,160000,42.3871853425,-71.1294340078
68409,34339,46998,2490,3572,54,4138,160000,42.3872756782,-71.12949601
70789,23954,59419,592,2687,76,2483,160000,42.387315,-71.129523
71328,27088,56050,608,2801,37,2088,160000,42.3873660138,-71.1295580122
62620,25625,67150,602,3033,130,840,160000,42.3874074532,-71.1295789891
50689,42736,60295,1842,3504,75,859,160000,42.3874999063,-71.1296349784
60194,53135,38113,2143,5531,168,716,160000,42.3875923595,-71.1296909677
45842,74109,29527,2212,7675,67,568,160000,42.3876848126,-71.1297469571
44125,75512,29136,2595,7981,90,561,160000,42.387708,-71.129761
34910,48428,70615,2504,3025,85,433,160000,42.387769,-71.129803
35602,47015,71857,1786,3116,91,533,160000,42.3877772658,-71.1298029466
34704,48541,70845,2509,2928,83,390,160000,42.3877982773,-71.1298231582
32040,36604,84216,1309,4442,34,1355,160000,42.3878592675,-71.1298651843
66531,44203,34394,4893,9206,25,748,160000,42.395719,-71.128265
77447,28239,40017,3908,8274,21,2094,160000,42.3957809336,-71.1281564874
62553,28714,58270,4165,3801,22,2475,160000,42.3958428672,-71.1280479748
60820,40895,45989,2398,8261,13,1624,160000,42.3959048007,-71.127939462
66167,35131,47075,4177,4468,39,2943,160000,42.3959667343,-71.1278309492
74356,39278,37045,3160,4316,6,1839,160000,42.3960286679,-71.1277224362
32357,79111,39371,2936,4688,119,1418,160000,42.3960906015,-71.1276139231
43291,86163,21289,5217,3388,102,550,160000,42.3961525351,-71.1275054099
48741,74104,27729,2967,5185,175,1099,160000,42.3962144686,-71.1273968966
67919,82984,5403,492,2830,48,324,160000,42.3962764022,-71.1272883832
43826,56399,52891,904,1804,181,3995,160000,42.3963383358,-71.1271798697
33649,71752,39984,5281,5798,19,3517,160000,42.3964002694,-71.127071356
29108,49870,73701,3391,2728,601,601,160000,42.396462203,-71.1269628423
79992,40839,19116,8835,10915,19,284,160000,42.395719,-71.128265
69013,37612,41232,1222,8366,5,2550,160000,42.3957809336,-71.1281564874
96746,26287,23271,2720,10140,3,833,160000,42.3958428672,-71.1280479748
90467,32399,28698,2827,4316,12,1281,160000,42.3959048007,-71.127939462
65098,55981,32951,1153,3851,14,952,160000,42.3959667343,-71.1278309492
76467,45387,28317,2997,5413,56,1363,160000,42.3960286679,-71.1277224362
39415,50951,60980,3747,3382,359,1166,160000,42.3960906015,-71.1276139231
40659,61756,44109,4507,7052,77,1840,160000,42.3961525351,-71.1275054099
55427,39098,53606,3210,5678,48,2933,160000,42.3962144686,-71.1273968966
57099,43664,45646,5911,5317,39,2324,160000,42.3962764022,-71.1272883832
35640,50367,66887,1241,1637,123,4105,160000,42.3963383358,-71.1271798697
45050,61980,38527,7996,5595,49,803,160000,42.3964002694,-71.127071356
31307,66017,56071,2609,2640,295,1061,160000,42.396462203,-71.1269628423
77052,27463,45655,654,8653,35,488,160000,42.3663782,-71.0981945
54754,29793,67998,2140,3696,41,1578,160000,42.3664178487,-71.0983206379
28674,38303,85264,1962,4376,139,1282,160000,42.3664574975,-71.098446776
38064,45684,68855,1508,4111,150,1628,160000,42.3664971462,-71.0985729141
28058,36712,91012,472,2344,174,1228,160000,42.3665367949,-71.0986990523
24888,50255,80811,559,1473,350,1664,160000,42.3665764437,-71.0988251905
31623,51958,67243,2529,3992,131,2524,160000,42.3666160924,-71.0989513289
22174,61776,71736,1025,1521,371,1397,160000,42.3666557411,-71.0990774673
26448,28438,99351,999,2445,196,2123,160000,42.3666953899,-71.0992036058
25351,33863,93307,2021,3385,127,1946,160000,42.3667350386,-71.0993297444
26061,33394,93091,1676,3606,127,2045,160000,42.366748,-71.099371
29821,39077,83810,1743,4090,249,1210,160000,42.3667746873,-71.0994558831
51964,45293,51552,3905,4678,123,2485,160000,42.3667885941,-71.0994965867
15023,58940,82497,559,1162,519,1300,160000,42.3668291882,-71.0996221734
47295,26345,81601,1034,1965,245,1515,160000,42.3668697823,-71.0997477602
67574,30464,55666,1344,3277,135,1540,160000,42.3669103764,-71.0998733471
41900,91998,18298,379,5989,17,1419,160000,42.3669509705,-71.0999989341
47479,51811,45439,5231,8143,24,1873,160000,42.3669915646,-71.1001245212
90012,26905,36031,694,5229,10,1119,160000,42.3663782,-71.0981945
29880,22938,99437,1075,5405,34,1231,160000,42.3664178487,-71.0983206379
50613,31404,68821,756,6262,135,2009,160000,42.3664574975,-71.098446776
49871,71773,30254,956,5321,47,1778,160000,42.3664971462,-71.0985729141
45913,47151,60931,861,3692,121,1331,160000,42.3665367949,-71.0986990523
64422,37864,47016,2363,7137,129,1069,160000,42.3665764437,-71.0988251905
59484,52117,39647,2085,5468,138,1061,160000,42.3666160924,-71.0989513289
48526,33640,71781,1401,1913,715,2024,160000,42.3666557411,-71.0990774673
59930,40406,55996,494,1888,240,1046,160000,42.3666953899,-71.0992036058
36355,59758,55933,788,2766,176,4224,160000,42.3667350386,-71.0993297444
36171,59364,55990,833,2660,132,4850,160000,42.366748,-71.099371
33292,74785,46180,694,2310,253,2486,160000,42.3667746873,-71.0994558831
49868,80412,25226,463,2368,397,1266,160000,42.3667885941,-71.0994965867
64883,73639,14839,1518,4066,417,638,160000,42.3668291882,-71.0996221734
54740,71225,29823,457,1973,316,1466,160000,42.3668697823,-71.0997477602
69897,14569,70892,299,1105,1221,2017,160000,42.3669103764,-71.0998733471
65036,27240,60283,1032,3863,649,1897,160000,42.3669509705,-71.0999989341
50199,57838,25444,14438,10409,42,1630,160000,42.3669915646,-71.1001245212
71982,11405,73511,836,654,296,1316,160000,42.383104,-71.142131
57830,64050,22358,4446,10986,37,293,160000,42.3831295935,-71.1419983353
53753,80318,18671,3411,3629,83,135,160000,42.3831551871,-71.1418656705
46885,72586,26997,4502,8122,108,800,160000,42.3831807806,-71.1417330056
51818,84439,13455,2423,4579,16,3270,160000,42.3832063742,-71.1416003408
61406,87926,5792,752,2449,47,1628,160000,42.3832319677,-71.1414676758
62619,79470,11659,1433,3929,43,847,160000,42.3832575613,-71.1413350108
53549,55702,43607,2251,3910,103,878,160000,42.3832831548,-71.1412023458
44401,73359,34719,3180,3447,169,725,160000,42.3833087484,-71.1410696806
38542,71295,40386,5485,3386,334,572,160000,42.3833343419,-71.1409370155
18200,63996,70525,1672,2223,382,3002,160000,42.3833599355,-71.1408043503
58872,9510,87602,749,1766,17,1484,160000,42.383104,-71.142131
72320,27328,50268,2512,6625,14,933,160000,42.3831295935,-71.1419983353
54775,33444,63470,5150,2383,292,486,160000,42.3831551871,-71.1418656705
39084,34812,71649,8138,5377,98,842,160000,42.3831807806,-71.1417330056
71448,22378,53887,4456,7303,67,461,160000,42.3832063742,-71.1416003408
74629,25350,51608,4006,3752,6,649,160000,42.3832319677,-71.1414676758
68905,46935,38194,1186,3807,202,771,160000,42.3832575613,-71.1413350108
49619,64689,38318,2747,3200,950,477,160000,42.3832831548,-71.1412023458
41211,64675,49355,1481,2200,657,421,160000,42.3833087484,-71.1410696806
38957,59756,53335,4271,1777,701,1203,160000,42.3833343419,-71.1409370155
33406,50793,71581,1125,2062,600,433,160000,42.3833599355,-71.1408043503
21978,53206,82311,359,1440,17,689,160000,42.3819986,-71.121049
31211,58662,58810,3011,5562,79,2665,160000,42.3820828515,-71.1211250948
18582,63865,63521,1098,5462,294,7178,160000,42.3821671029,-71.1212011896
18236,61416,67240,646,5112,231,7119,160000,42.382168,-71.121202
34886,48183,68774,1118,2629,51,4359,160000,42.3822513544,-71.1212772846
34659,49410,67621,1044,3326,56,3884,160000,42.3822546633,-71.1212729574
48248,48456,56717,761,1765,318,3735,160000,42.3823413265,-71.1213439149
29846,74648,48037,845,4644,82,1898,160000,42.3824279898,-71.1214148726
22587,42588,88089,1310,2830,91,2505,160000,42.3825146531,-71.1214858303
23167,68732,58671,3251,3158,71,2950,160000,42.3826013164,-71.1215567881
22871,67834,59287,3652,3444,83,2829,160000,42.382626,-71.121577
21668,76693,56009,1945,2386,278,1021,160000,42.3826879796,-71.121627746
16155,48915,91707,306,1698,204,1015,160000,42.382712716,-71.1216478398
8102,82207,66073,776,1585,112,1145,160000,42.3819986,-71.121049
35041,109485,10542,160,1195,362,3215,160000,42.3820828515,-71.1211250948
46104,82976,24196,1582,3681,192,1269,160000,42.3821671029,-71.1212011896
46503,81817,25132,1635,3632,161,1120,160000,42.382168,-71.121202
42541,63818,45901,1704,4391,215,1430,160000,42.3822513544,-71.1212772846
42597,62721,46725,1659,4514,212,1572,160000,42.3822546633,-71.1212729574
34163,87073,28575,2715,4302,91,3081,160000,42.3823413265,-71.1213439149
58368,62867,28773,2474,6038,80,1400,160000,42.3824279898,-71.1214148726
72064,39886,34427,2850,8421,233,2119,160000,42.3825146531,-71.1214858303
51553,69687,20364,4010,11680,27,2679,160000,42.3826013164,-71.1215567881
51228,69899,19917,4148,11982,29,2797,160000,42.382626,-71.121577
56710,61514,30062,2275,7461,122,1856,160000,42.3826879796,-71.121627746
28028,50664,76639,1059,2368,204,1038,160000,42.382712716,-71.1216478398
37278,68540,46820,2938,2771,417,1236,160000,42.381019437,-71.1327591961
35797,70629,46999,2509,2661,246,1159,160000,42.381025,-71.1326958897
35786,73748,44192,2509,2237,183,1345,160000,42.381025,-71.132741
20371,65096,68536,1522,3454,205,816,160000,42.381025,-71.132833
19278,66284,69138,987,3060,194,1059,160000,42.3810297185,-71.132895598
35025,75269,43299,2398,2061,243,1705,160000,42.381034,-71.132656
52940,77438,20363,3196,4872,413,778,160000,42.3810393706,-71.1326052769
49763,77932,21620,2858,6301,752,774,160000,42.381048,-71.132583
44283,74775,29273,5104,5151,37,1377,160000,42.38104,-71.133032
49459,78659,21370,4581,4944,494,493,160000,42.3810594513,-71.1325232895
13937,89426,50306,1419,3331,1217,364,160000,42.3810784282,-71.1324522238
20697,57708,76195,2289,1429,253,1429,160000,42.381095,-71.132381
21208,58322,75405,2283,1409,123,1250,160000,42.3811088563,-71.1323214476
28037,65895,57220,4395,3093,534,826,160000,42.3811283746,-71.1322515477
28037,65895,57220,4395,3093,534,826,160000,42.3811617492,-71.1321220953
28037,65895,57220,4395,3093,534,826,160000,42.3811951238,-71.1319926428
42001,69258,38593,4377,4511,220,1040,160000,42.381019437,-71.1327591961
41085,68534,40058,4959,4165,203,996,160000,42.381025,-71.1326958897
38179,69276,43019,3563,4749,166,1048,160000,42.381025,-71.132741
29756,56655,65033,2432,4373,404,1347,160000,42.381025,-71.132833
25569,59499,66281,2006,4562,473,1610,160000,42.3810297185,-71.132895598
35140,67023,47234,5380,3945,252,1026,160000,42.381034,-71.132656
78620,67056,7529,855,5450,254,236,160000,42.3810393706,-71.1326052769
79848,66803,6317,705,5831,216,280,160000,42.381048,-71.132583
71790,51875,21679,5851,8024,229,552,160000,42.38104,-71.133032
81399,65667,5924,1143,5400,218,249,160000,42.3810594513,-71.1325232895
49278,54692,48771,2188,4219,31,821,160000,42.3810784282,-71.1324522238
28886,61344,62102,3234,3885,52,497,160000,42.381095,-71.132381
29796,59560,62611,3100,3787,78,1068,160000,42.3811088563,-71.1323214476
27653,60725,62613,4017,3669,142,1181,160000,42.3811283746,-71.1322515477
27653,60725,62613,4017,3669,142,1181,160000,42.3811617492,-71.1321220953
27653,60725,62613,4017,3669,142,1181,160000,42.3811951238,-71.1319926428
46365,51937,42889,5190,12343,1,1275,160000,42.390609,-71.129231
70059,42625,35556,4659,6587,26,488,160000,42.3907101618,-71.1292243638
67890,41511,42726,1412,5820,22,619,160000,42.3908113235,-71.1292177277
74952,36011,41294,851,5846,20,1026,160000,42.3909124853,-71.1292110915
60936,72260,20935,1039,4493,35,302,160000,42.391013647,-71.1292044553
55828,83526,12001,2121,5973,38,513,160000,42.3911148088,-71.1291978191
48815,78845,26122,2426,2941,32,819,160000,42.3912159705,-71.1291911829
48356,78285,26183,3019,3313,53,791,160000,42.391234,-71.12919
50898,85748,14414,2196,4879,8,1857,160000,42.3913171323,-71.1291845467
50404,86504,14098,2455,4891,26,1622,160000,42.3913352148,-71.1291850627
43919,94767,12855,3072,3585,35,1767,160000,42.3914364295,-71.1291801255
40497,89818,19655,1400,4212,36,4382,160000,42.3915376443,-71.1291751882
41623,80036,29690,1128,4347,39,3137,160000,42.391638859,-71.1291702509
35024,50056,67367,2721,3453,231,1148,160000,42.3917400738,-71.1291653136
27174,69832,54318,2360,4009,135,2172,160000,42.3918412885,-71.1291603763
27388,69521,54193,2751,3890,155,2102,160000,42.39189,-71.129158
26427,68160,58903,1613,2048,86,2763,160000,42.3919425033,-71.129155439
26692,68250,58683,1573,2045,89,2668,160000,42.3919912153,-71.1291530836
48927,55102,36842,5340,8405,109,5275,160000,42.3920924306,-71.1291481672
55430,62779,29056,4966,5972,169,1628,160000,42.3921936459,-71.1291432507
56804,48475,40811,3657,7316,142,2795,160000,42.3922948612,-71.1291383343
66627,59067,25334,2418,5649,76,829,160000,42.3923960765,-71.1291334179
62859,56554,26660,2605,8950,30,2342,160000,42.3924972919,-71.1291285014
81281,31462,35827,3680,5899,8,1843,160000,42.3925985072,-71.129123585
64272,37725,41920,4212,9212,17,2642,160000,42.3926997225,-71.1291186685
77582,39411,32515,2843,6753,11,885,160000,42.3928009378,-71.129113752
72700,43536,27514,7037,8627,29,557,160000,42.392837,-71.129112
65973,50659,30139,4553,7752,22,902,160000,42.3929021531,-71.1291088355
91111,45432,16747,913,5534,6,257,160000,42.3929344888,-71.1290748281
91111,45432,16747,913,5534,6,257,160000,42.3930319775,-71.129037656
80844,48556,18570,4363,7064,209,394,160000,42.390609,-71.129231
64649,44275,33689,8996,7164,67,1160,160000,42.3907101618,-71.1292243638
56236,45908,46145,5238,5317,26,1130,160000,42.3908113235,-71.1292177277
50527,58551,34269,8550,6935,116,1052,160000,42.3909124853,-71.1292110915
51971,58879,28324,11852,7721,26,1227,160000,42.391013647,-71.1292044553
45411,70041,29947,6916,6229,90,1366,160000,42.3911148088,-71.1291978191
53537,56202,35555,6827,5862,92,1925,160000,42.3912159705,-71.1291911829
53672,56822,35397,6102,5869,53,2085,160000,42.391234,-71.12919
46323,60612,38581,8749,4348,55,1332,160000,42.3913171323,-71.1291845467
47534,59726,38469,7791,5003,66,1411,160000,42.3913352148,-71.1291850627
45937,72419,27248,5902,5824,62,2608,160000,42.3914364295,-71.1291801255
51310,55889,34470,7994,8298,64,1975,160000,42.3915376443,-71.1291751882
54457,61909,31367,2550,6720,125,2872,160000,42.391638859,-71.1291702509
36365,55208,59733,3950,3828,195,721,160000,42.3917400738,-71.1291653136
33079,68395,49040,3006,5369,296,815,160000,42.3918412885,-71.1291603763
33074,68445,49033,2943,5405,301,799,160000,42.39189,-71.129158
36824,49946,65692,1601,4311,155,1471,160000,42.3919425033,-71.129155439
36614,50152,65817,1521,4279,149,1468,160000,42.3919912153,-71.1291530836
40799,55416,54416,3450,4885,176,858,160000,42.3920924306,-71.1291481672
38439,64649,43807,3451,6780,46,2828,160000,42.3921936459,-71.1291432507
34030,74296,36100,8245,4359,50,2920,160000,42.3922948612,-71.1291383343
53617,66480,29646,3728,5769,42,718,160000,42.3923960765,-71.1291334179
41116,55393,47187,5903,5854,83,4464,160000,42.3924972919,-71.1291285014
29639,66219,45179,10624,4337,30,3972,160000,42.3925985072,-71.129123585
42894,58899,39278,7913,8211,49,2756,160000,42.3926997225,-71.1291186685
76663,33305,22939,10513,15872,60,648,160000,42.3928009378,-71.129113752
78206,40382,24022,5570,11191,41,588,160000,42.392837,-71.129112
80040,37576,20991,8491,11814,65,1023,160000,42.3929021531,-71.1291088355
86941,56265,9919,1660,3950,66,1199,160000,42.3929344888,-71.1290748281
86941,56265,9919,1660,3950,66,1199,160000,42.3930319775,-71.129037656
12531,85487,58825,801,1590,137,629,160000,42.3690353816,-71.0900735333
25736,56209,72062,714,3597,14,1668,160000,42.3690701908,-71.0902022666
25849,54933,72800,721,4098,14,1585,160000,42.3690808005,-71.0902449116
25736,56209,72062,714,3597,14,1668,160000,42.369105,-71.090331
56122,31821,66512,883,4156,82,424,160000,42.3691168227,-71.0903730323
56122,31821,66512,883,4156,82,424,160000,42.3691528449,-71.090501153
60318,23499,66181,1339,7189,39,1435,160000,42.369188867,-71.0906292738
73159,25214,48550,2218,9257,25,1577,160000,42.3692248892,-71.0907573946
58067,39498,49952,2827,8702,90,864,160000,42.3692609113,-71.0908855155
55964,44716,49947,1503,7114,123,633,160000,42.3692969335,-71.0910136366
35416,23952,95621,491,3585,10,925,160000,42.3693329557,-71.0911417576
35416,23952,95621,491,3585,10,925,160000,42.3693689778,-71.0912698788
37931,24599,92582,536,3374,5,973,160000,42.3693852006,-71.0913366422
35416,23952,95621,491,3585,10,925,160000,42.369405,-71.091398
43169,61587,44922,1590,7332,17,1383,160000,42.3694257434,-71.0914622645
54667,74323,19302,1587,8612,38,1471,160000,42.3694662861,-71.0915878869
56698,49465,45419,807,5340,114,2157,160000,42.3695068289,-71.0917135094
68286,56783,26314,820,6675,122,1000,160000,42.3695473717,-71.0918391319
61050,50479,37456,2285,6559,84,2087,160000,42.3695879145,-71.0919647545
79707,50214,21984,1301,5805,178,811,160000,42.3696284572,-71.0920903772
54132,34157,63637,1856,4555,273,1390,160000,42.3696573509,-71.0921795551
53704,34952,63322,1977,4225,336,1484,160000,42.369669,-71.092216
56074,42253,53516,1786,3963,269,2139,160000,42.3696975672,-71.09230537
52671,38379,55870,3458,7757,221,1644,160000,42.3697377836,-71.0924311849
52917,38894,54913,2811,8019,256,2190,160000,42.3697441062,-71.0924424254
64749,38225,52870,455,2911,118,672,160000,42.369778,-71.092557
64716,37069,53750,332,3017,157,959,160000,42.3697817552,-71.0925696876
80148,46470,22478,3194,6327,126,1257,160000,42.3698194042,-71.09269695
32684,46555,73575,706,4404,63,2013,160000,42.3698570531,-71.0928242124
65795,33712,51877,991,3805,152,3668,160000,42.3698947021,-71.0929514748
67627,26880,55524,947,7267,22,1733,160000,42.369932351,-71.0930787374
63399,25761,61192,859,6982,34,1773,160000,42.3699574516,-71.0931269445
46814,33927,68559,1077,7741,32,1850,160000,42.3699787258,-71.0932609722
51275,31438,66189,1046,8511,2,1539,160000,42.36997,-71.093206
61750,39590,52346,346,5202,24,742,160000,42.37,-71.093395
9362,83252,64405,718,1163,94,1006,160000,42.3690353816,-71.0900735333
37025,34097,83795,816,3335,26,906,160000,42.3690701908,-71.0902022666
36768,33542,84499,807,3574,43,767,160000,42.3690808005,-71.0902449116
37025,34097,83795,816,3335,26,906,160000,42.369105,-71.090331
46477,53717,48634,2062,7319,48,1743,160000,42.3691168227,-71.0903730323
46477,53717,48634,2062,7319,48,1743,160000,42.3691528449,-71.090501153
73804,49123,25959,1190,8800,19,1105,160000,42.369188867,-71.0906292738
88279,29867,32312,1573,5696,50,2223,160000,42.3692248892,-71.0907573946
94443,43480,14000,331,6627,1,1118,160000,42.3692609113,-71.0908855155
78972,34519,37496,194,7773,67,979,160000,42.3692969335,-71.0910136366
37739,27969,87401,229,5802,14,846,160000,42.3693329557,-71.0911417576
37739,27969,87401,229,5802,14,846,160000,42.3693689778,-71.0912698788
39952,25116,87806,360,6016,30,720,160000,42.3693852006,-71.0913366422
37739,27969,87401,229,5802,14,846,160000,42.369405,-71.091398
62086,30051,62119,950,3523,23,1248,160000,42.3694257434,-71.0914622645
57211,26377,66849,917,7514,20,1112,160000,42.3694662861,-71.0915878869
70104,31318,52263,1357,4451,95,412,160000,42.3695068289,-71.0917135094
59840,65586,26324,1524,5630,89,1007,160000,42.3695473717,-71.0918391319
44166,44128,62324,3330,4343,161,1548,160000,42.3695879145,-71.0919647545
73554,37911,41614,969,4673,172,1107,160000,42.3696284572,-71.0920903772
52554,45677,55079,1440,3368,168,1714,160000,42.3696573509,-71.0921795551
52108,45246,55650,1469,3455,210,1862,160000,42.369669,-71.092216
67614,50391,33769,1520,4299,214,2193,160000,42.3696975672,-71.09230537
25778,69903,55302,1848,4997,56,2116,160000,42.3697377836,-71.0924311849
26394,70142,54552,1650,4950,62,2250,160000,42.3697441062,-71.0924424254
46283,35147,75009,342,2077,448,694,160000,42.369778,-71.092557
48715,33179,74417,409,2030,484,766,160000,42.3697817552,-71.0925696876
77081,45471,27413,938,7963,133,1001,160000,42.3698194042,-71.09269695
37948,82358,32852,441,4446,27,1928,160000,42.3698570531,-71.0928242124
29018,92390,24811,2883,9065,116,1717,160000,42.3698947021,-71.0929514748
29449,49511,75029,419,4817,22,753,160000,42.369932351,-71.0930787374
33199,47616,74286,396,3707,11,785,160000,42.3699574516,-71.0931269445
33107,69398,44176,1157,11529,1,632,160000,42.3699787258,-71.0932609722
35262,64352,47491,1360,11000,12,523,160000,42.36997,-71.093206
54662,53076,40890,368,9985,7,1012,160000,42.37,-71.093395
